Binder Name,Binder Type,Name,Set code,Set name,Collector number,Foil,Rarity,Quantity,ManaBox ID,Scryfall ID,Purchase price,Misprint,Altered,Condition,Language,Purchase price currency
Magic: The Gathering,binder,"Auntie Ool, Cursewretch",ECC,Lorwyn Eclipsed Commander,2,foil,mythic,1,110379,9a2e4252-9fbc-4d43-8935-db2cafaa7b5f,0.02,false,false,mint,en,EUR
Magic: The Gathering,binder,"The Reaper, King No More",ECC,Lorwyn Eclipsed Commander,4,foil,mythic,1,110412,d2119f3f-27d2-4d43-a5ef-35c1b73d182a,0.02,false,false,mint,en,EUR
Magic: The Gathering,binder,Forest,ECL,Lorwyn Eclipsed,273,normal,common,14,110396,b460f5f7-c7c9-400c-8419-23d614f45bf9,0.06,false,false,near_mint,en,EUR
Magic: The Gathering,binder,Mountain,ECL,Lorwyn Eclipsed,272,normal,common,7,110313,295b92bc-d66f-45d8-9bbe-5f5f13e39fd4,0.08,false,false,near_mint,en,EUR
Magic: The Gathering,binder,Swamp,ECL,Lorwyn Eclipsed,271,normal,common,13,110305,1dd4d605-02a2-4183-b191-0bca8dfbf962,0.06,false,false,near_mint,en,EUR
Magic: The Gathering,binder,Golgari Rot Farm,ECC,Lorwyn Eclipsed Commander,151,normal,uncommon,1,110488,42486edd-24b7-4299-84fa-50559917b2a8,0.18,false,false,near_mint,en,EUR
Magic: The Gathering,binder,Gruul Turf,ECC,Lorwyn Eclipsed Commander,152,normal,uncommon,1,110657,f19d2b68-1415-4a0c-bb68-cfacb611c4d2,0.13,false,false,near_mint,en,EUR
Magic: The Gathering,binder,Rakdos Carnarium,ECC,Lorwyn Eclipsed Commander,161,normal,uncommon,1,110454,20c799a9-ab94-46e6-9111-00505e071c41,0.21,false,false,near_mint,en,EUR
Magic: The Gathering,binder,Riveteers Overlook,ECC,Lorwyn Eclipsed Commander,162,normal,common,2,110516,65ce9590-87c0-4057-bddb-fadc0de552f6,0.16,false,false,near_mint,en,EUR
Magic: The Gathering,binder,Path of Ancestry,ECC,Lorwyn Eclipsed Commander,158,normal,common,1,110482,3b792a6a-beac-4d4a-91b6-f5a5e3539ecd,0.12,false,false,near_mint,en,EUR
Magic: The Gathering,binder,Terramorphic Expanse,ECC,Lorwyn Eclipsed Commander,169,normal,common,2,110435,0bea079a-a972-4988-a561-9783b2515166,0.13,false,false,near_mint,en,EUR
Magic: The Gathering,binder,Evolving Wilds,ECL,Lorwyn Eclipsed,264,normal,common,2,110560,8c632984-5176-4c37-91df-6577cc294b85,0.06,false,false,near_mint,en,EUR
Magic: The Gathering,binder,Cathartic Pyre,ECC,Lorwyn Eclipsed Commander,90,normal,uncommon,1,110438,0d762a71-ee49-49fd-a54a-0c066277c88c,0.17,false,false,near_mint,en,EUR
Magic: The Gathering,binder,Commander's Sphere,ECC,Lorwyn Eclipsed Commander,139,normal,common,1,110579,a0d50603-e31f-4cd7-b4b6-49847d99eb2e,0.13,false,false,near_mint,en,EUR
Magic: The Gathering,binder,Terminate,ECC,Lorwyn Eclipsed Commander,134,normal,common,1,110455,21f579c9-4b74-4461-8812-dcfd68fd2b97,0.2,false,false,near_mint,en,EUR
Magic: The Gathering,binder,Wickerbough Elder,ECC,Lorwyn Eclipsed Commander,118,normal,common,1,110551,83e0b855-0259-4229-a6b9-d0faaf225355,0.15,false,false,near_mint,en,EUR
Magic: The Gathering,binder,Night's Whisper,ECC,Lorwyn Eclipsed Commander,81,normal,common,2,110620,c6627166-bf0e-49f2-9077-252cfb0fab4d,0.45,false,false,near_mint,en,EUR
Magic: The Gathering,binder,Ifnir Deadlands,ECC,Lorwyn Eclipsed Commander,153,normal,uncommon,1,110565,902e260d-71ba-4342-9794-fefe2b531c00,0.14,false,false,near_mint,en,EUR
Magic: The Gathering,binder,Savage Lands,ECC,Lorwyn Eclipsed Commander,165,normal,uncommon,1,110501,55187461-2ff3-424b-85d5-2ca09567d44e,0.16,false,false,near_mint,en,EUR
Magic: The Gathering,binder,Contagion Clasp,ECC,Lorwyn Eclipsed Commander,140,normal,uncommon,1,110652,edd7f08a-3baf-4fb0-921e-b0e7b4a1a545,0.2,false,false,near_mint,en,EUR
Magic: The Gathering,binder,Kulrath Knight,ECC,Lorwyn Eclipsed Commander,126,normal,uncommon,1,110617,c28c15bd-6fb3-4250-81c4-d42f3efdb6f6,0.22,false,false,near_mint,en,EUR
Magic: The Gathering,binder,Putrefy,ECC,Lorwyn Eclipsed Commander,131,normal,uncommon,2,110592,ad6ed9f1-2014-49e2-91c6-2b55c8d60cdc,0.18,false,false,near_mint,en,EUR
Magic: The Gathering,binder,Harmonize,ECC,Lorwyn Eclipsed Commander,111,normal,uncommon,1,110534,754c9a93-bbd6-4b2c-9158-70341be6b912,0.17,false,false,near_mint,en,EUR
Magic: The Gathering,binder,Binding the Old Gods,ECC,Lorwyn Eclipsed Commander,120,normal,uncommon,2,110487,41802f18-7d46-431a-acb3-dbcc82eb415a,0.14,false,false,near_mint,en,EUR
Magic: The Gathering,binder,Flourishing Defenses,ECC,Lorwyn Eclipsed Commander,107,normal,uncommon,1,110478,37a678b3-53ba-48c7-9846-6454f8b34127,1.12,false,false,near_mint,en,EUR
Magic: The Gathering,binder,Devoted Druid,ECC,Lorwyn Eclipsed Commander,104,normal,uncommon,1,110456,22589a81-3ea8-4e78-98c9-c015e7539cf9,0.28,false,false,near_mint,en,EUR
Magic: The Gathering,binder,Evolution Sage,ECC,Lorwyn Eclipsed Commander,105,normal,uncommon,1,110450,1d58d08d-cd62-416d-8d8e-7d9c56d5c4da,1.81,false,false,near_mint,en,EUR
Magic: The Gathering,binder,Soul Snuffers,ECC,Lorwyn Eclipsed Commander,87,normal,uncommon,1,110618,c3313376-cda8-4458-baa8-be3eac236192,0.14,false,false,near_mint,en,EUR
Magic: The Gathering,binder,Cathartic Reunion,ECC,Lorwyn Eclipsed Commander,91,normal,common,1,110641,e3bca51a-b9be-4be2-a256-b15853fde433,0.11,false,false,near_mint,en,EUR
Magic: The Gathering,binder,Command Tower,ECC,Lorwyn Eclipsed Commander,60,normal,common,2,110540,7aebd8b6-7d4c-422f-ad57-fc07699c88ae,0.4,false,false,near_mint,en,EUR
Magic: The Gathering,binder,Arcane Signet,ECC,Lorwyn Eclipsed Commander,56,normal,uncommon,2,110584,a5dc8c3f-c8a3-4bea-9874-4bf9b221408b,0.71,false,false,near_mint,en,EUR
Magic: The Gathering,binder,Sol Ring,ECC,Lorwyn Eclipsed Commander,58,normal,uncommon,2,110437,0d38ff41-a60c-4d70-92e4-4d3d3ab073a3,2.61,false,false,near_mint,en,EUR
Magic: The Gathering,binder,Fire Covenant,ECC,Lorwyn Eclipsed Commander,54,normal,uncommon,1,110449,1a13437b-e0c7-4ca9-a0e2-b8cb1b5813ec,0.63,false,false,near_mint,en,EUR
Magic: The Gathering,binder,Hoarder's Greed,ECC,Lorwyn Eclipsed Commander,47,normal,uncommon,1,110442,1293ed24-781c-465f-8561-39b01e7ba388,0.2,false,false,near_mint,en,EUR
Magic: The Gathering,binder,Burning Curiosity,ECL,Lorwyn Eclipsed,129,normal,common,2,110521,689ed288-6228-4d7e-b198-56a12b8be299,0.1,false,false,near_mint,en,EUR
Magic: The Gathering,binder,Lasting Tarfire,ECL,Lorwyn Eclipsed,149,normal,uncommon,1,110574,9c4a95ac-072f-4219-80a0-1ce71f1b8411,0.1,false,false,near_mint,en,EUR
Magic: The Gathering,binder,Woodland Cemetery,ECC,Lorwyn Eclipsed Commander,176,normal,rare,1,110436,0c20aa48-58a0-4dee-970f-ba1292affa28,0.47,false,false,near_mint,en,EUR
Magic: The Gathering,binder,Rootbound Crag,ECC,Lorwyn Eclipsed Commander,163,normal,rare,1,110607,bc0f449a-01e2-4c22-8eb0-17ad1efb62e4,0.37,false,false,near_mint,en,EUR
Magic: The Gathering,binder,Dragonskull Summit,ECC,Lorwyn Eclipsed Commander,147,normal,rare,1,110569,92964d76-3a01-4ab6-abf9-66b754708f90,0.86,false,false,near_mint,en,EUR
Magic: The Gathering,binder,Cinder Glade,ECC,Lorwyn Eclipsed Commander,146,normal,rare,2,110469,306a7feb-f254-4ef1-a813-709601e87905,0.22,false,false,near_mint,en,EUR
Magic: The Gathering,binder,Smoldering Marsh,ECC,Lorwyn Eclipsed Commander,168,normal,rare,2,110633,d6890462-aeb0-4356-93dc-b2eda0df0c0e,0.24,false,false,near_mint,en,EUR
Magic: The Gathering,binder,Exotic Orchard,ECC,Lorwyn Eclipsed Commander,148,normal,rare,1,110638,dc0a1bc1-ba94-4494-a196-5363fde85194,0.19,false,false,near_mint,en,EUR
Magic: The Gathering,binder,Sheltered Thicket,ECC,Lorwyn Eclipsed Commander,167,normal,rare,2,110593,ad7f87dd-1c43-4b6f-9d68-cc09ef76dbc2,0.18,false,false,near_mint,en,EUR
Magic: The Gathering,binder,Canyon Slough,ECC,Lorwyn Eclipsed Commander,145,normal,rare,2,110629,d2ba7cfa-36f2-410f-80c3-5a06f4b48372,0.17,false,false,near_mint,en,EUR
Magic: The Gathering,binder,Grim Poppet,ECC,Lorwyn Eclipsed Commander,142,normal,rare,1,110541,7b23f412-c5eb-48f1-ad84-ae42171944c8,0.02,false,false,near_mint,en,EUR
Magic: The Gathering,binder,Assassin's Trophy,ECC,Lorwyn Eclipsed Commander,119,normal,rare,1,110510,5e530961-1cb5-4208-ac49-f0963bac0134,2.1,false,false,near_mint,en,EUR
Magic: The Gathering,binder,Everlasting Torment,ECC,Lorwyn Eclipsed Commander,121,normal,rare,1,110581,a1e79115-bb2d-4455-b6dc-aaf2d0e26c60,0.36,false,false,near_mint,en,EUR
Magic: The Gathering,binder,Glissa Sunslayer,ECC,Lorwyn Eclipsed Commander,122,normal,rare,1,110519,682b1b62-338a-49d1-9d4e-2d8ee2e6fc76,0.38,false,false,near_mint,en,EUR
Magic: The Gathering,binder,"Hapatra, Vizier of Poisons",ECC,Lorwyn Eclipsed Commander,123,normal,rare,1,110628,d19e17fc-ae3e-4533-ab94-70d5f2e1b8cd,0.26,false,false,near_mint,en,EUR
Magic: The Gathering,binder,Channeler Initiate,ECC,Lorwyn Eclipsed Commander,101,normal,rare,1,110564,9011936a-ec69-4c1b-ae8e-c2d212047ca4,0.15,false,false,near_mint,en,EUR
Magic: The Gathering,binder,Chain Reaction,ECC,Lorwyn Eclipsed Commander,92,normal,rare,1,110601,b6c0d5df-1195-49c1-9b8f-befed9faa401,0.14,false,false,near_mint,en,EUR
Magic: The Gathering,binder,Painful Truths,ECC,Lorwyn Eclipsed Commander,82,normal,rare,1,110664,faa82f09-0693-4cc6-8770-8c6a35aa627b,0.14,false,false,near_mint,en,EUR
Magic: The Gathering,binder,Puppeteer Clique,ECC,Lorwyn Eclipsed Commander,84,normal,rare,1,110670,ffb08d08-9936-4525-bd72-3c2b77783d7d,0.2,false,false,near_mint,en,EUR
Magic: The Gathering,binder,Carnifex Demon,ECC,Lorwyn Eclipsed Commander,72,normal,rare,1,110544,7eec26a5-1d2b-43ff-b340-bc72f4a71ae8,0.2,false,false,near_mint,en,EUR
Magic: The Gathering,binder,"Chimil, the Inner Sun",ECC,Lorwyn Eclipsed Commander,137,normal,mythic,1,110542,7b696878-bf6c-4323-baa5-93c44dde075e,4.53,false,false,near_mint,en,EUR
Magic: The Gathering,binder,"Liliana, Death Wielder",ECC,Lorwyn Eclipsed Commander,78,normal,mythic,1,110526,6f874b0e-32e3-421f-8109-522638b3f38d,0.17,false,false,near_mint,en,EUR
Magic: The Gathering,binder,The Scorpion God,ECC,Lorwyn Eclipsed Commander,133,normal,mythic,1,110538,792eabed-6c49-41f0-a9ce-0184e5c577e9,0.55,false,false,near_mint,en,EUR
Magic: The Gathering,binder,"Vraska, Betrayal's Sting",ECC,Lorwyn Eclipsed Commander,88,normal,mythic,1,110577,9f1fa1c5-ff87-4bbc-89aa-dbebc91eada0,1.55,false,false,near_mint,en,EUR
Magic: The Gathering,binder,Grave Titan,ECC,Lorwyn Eclipsed Commander,74,normal,mythic,1,110481,3b4faa6e-5013-4c59-80f5-662a386672eb,0.31,false,false,near_mint,en,EUR
Magic: The Gathering,binder,Nesting Grounds,ECC,Lorwyn Eclipsed Commander,155,normal,rare,1,110616,c25ad164-4076-496d-833c-d607391b1ac8,0.18,false,false,near_mint,en,EUR
Magic: The Gathering,binder,Ignoble Hierarch,ECC,Lorwyn Eclipsed Commander,52,normal,rare,1,110647,e802cfe1-45e0-47cd-8745-363ccc0f2af8,1.26,false,false,near_mint,en,EUR
Magic: The Gathering,binder,Festering Thicket,ECC,Lorwyn Eclipsed Commander,61,normal,rare,2,110557,89891685-d4cf-4aaf-8179-210ed135f171,0.33,false,false,near_mint,en,EUR
Magic: The Gathering,binder,Vernal Fen,ECC,Lorwyn Eclipsed Commander,63,normal,rare,2,110548,82253d45-587b-48a9-b6dc-e372f9adb2a6,1.09,false,false,near_mint,en,EUR
Magic: The Gathering,binder,Tree of Perdition,ECC,Lorwyn Eclipsed Commander,49,normal,mythic,1,110532,750b4c88-26c7-43ec-b6b9-ece3263dfd59,3.5,false,false,near_mint,en,EUR
Magic: The Gathering,binder,"Ferrafor, Young Yew",ECC,Lorwyn Eclipsed Commander,16,normal,rare,1,110631,d6313ef4-c1a0-4315-8db9-a3666e49daa8,0.28,false,false,near_mint,en,EUR
Magic: The Gathering,binder,Puca's Covenant,ECC,Lorwyn Eclipsed Commander,18,normal,rare,1,110448,1966dbd2-963a-4d37-ab26-c0a0715f523f,0.24,false,false,near_mint,en,EUR
Magic: The Gathering,binder,Village Pillagers,ECC,Lorwyn Eclipsed Commander,14,normal,rare,1,110580,a1e34ec4-6a85-4e22-9be9-f27dda5752d6,1.62,false,false,near_mint,en,EUR
Magic: The Gathering,binder,Oft-Nabbed Goat,ECC,Lorwyn Eclipsed Commander,11,normal,rare,1,110486,4030bfab-867c-4724-904e-3e8b631f075e,0.63,false,false,near_mint,en,EUR
Magic: The Gathering,binder,Grave Venerations,ECC,Lorwyn Eclipsed Commander,9,normal,rare,1,110649,ec52f819-038a-41c3-91ef-91b1975d094c,1.51,false,false,near_mint,en,EUR
Magic: The Gathering,binder,Dread Tiller,ECC,Lorwyn Eclipsed Commander,20,normal,rare,1,110509,5e2692eb-5a01-4b62-9d4d-263a553975ab,0.28,false,false,near_mint,en,EUR
Magic: The Gathering,binder,Aberrant Return,ECC,Lorwyn Eclipsed Commander,7,normal,rare,1,110582,a27a3d4b-caa7-4c5e-b1f3-aa607d3b157d,0.33,false,false,near_mint,en,EUR
Magic: The Gathering,binder,Eventide's Shadow,ECC,Lorwyn Eclipsed Commander,8,normal,rare,1,110575,9c5d71a6-8e68-4aee-b781-486276d17fce,0.11,false,false,near_mint,en,EUR
Magic: The Gathering,binder,Sinister Gnarlbark,ECC,Lorwyn Eclipsed Commander,12,normal,rare,1,110571,939a4eaa-4d9b-47d1-94a4-fb1e9a95e539,1.12,false,false,near_mint,en,EUR
Magic: The Gathering,binder,Wickersmith's Tools,ECC,Lorwyn Eclipsed Commander,21,normal,rare,1,110476,3758af07-68ed-42da-8a13-ec321e7cd06e,0.12,false,false,near_mint,en,EUR
Magic: The Gathering,binder,Midnight Banshee,ECC,Lorwyn Eclipsed Commander,80,normal,rare,1,110656,f0a38737-22e6-469f-94d8-12b9a62f4495,0.15,false,false,near_mint,en,EUR
Magic: The Gathering,binder,Persist,ECC,Lorwyn Eclipsed Commander,83,normal,rare,1,110603,b7a56356-91bf-42f5-ab21-af2c48e78fc3,1.05,false,false,near_mint,en,EUR
Magic: The Gathering,binder,Blowfly Infestation,ECC,Lorwyn Eclipsed Commander,46,normal,uncommon,1,110537,77e5dc0c-f4db-4540-b8d1-a07d7c96a374,1.18,false,false,near_mint,en,EUR
Magic: The Gathering,binder,Skinrender,ECC,Lorwyn Eclipsed Commander,86,normal,uncommon,1,110447,178bca8c-8686-414f-8c71-a582eecd273d,0.1,false,false,near_mint,en,EUR
Magic: The Gathering,binder,Incremental Blight,ECC,Lorwyn Eclipsed Commander,76,normal,uncommon,1,110517,67028351-3023-4433-96fe-f5c32710bdf0,0.15,false,false,near_mint,en,EUR
Magic: The Gathering,binder,Infernal Grasp,ECC,Lorwyn Eclipsed Commander,77,normal,uncommon,2,110459,2430acb7-b371-4a03-88e7-0660a51836dd,0.22,false,false,near_mint,en,EUR
Magic: The Gathering,binder,Black Sun's Zenith,ECC,Lorwyn Eclipsed Commander,71,normal,rare,1,110651,eda98f51-a918-4ef7-a123-7d4200c79620,0.26,false,false,near_mint,en,EUR
Magic: The Gathering,binder,Dusk Urchins,ECC,Lorwyn Eclipsed Commander,73,normal,rare,1,110666,fce69f5c-c4c4-4c8b-aa29-8cc8a84587d1,0.15,false,false,near_mint,en,EUR
Magic: The Gathering,binder,"Massacre Girl, Known Killer",ECC,Lorwyn Eclipsed Commander,79,normal,mythic,1,110561,8ef53e5e-709c-4613-a5ab-6bf12961b2e1,1.26,false,false,near_mint,en,EUR
Magic: The Gathering,binder,Necroskitter,ECC,Lorwyn Eclipsed Commander,48,normal,rare,1,110446,1743ff46-7bfe-46f7-a2cf-170dd92bf28f,3.76,false,false,near_mint,en,EUR
Magic: The Gathering,binder,Gravelgill Scoundrel,ECL,Lorwyn Eclipsed,53,normal,common,1,110713,320bc30c-7a8a-411a-9f36-9c69126e131b,0.02,false,false,near_mint,en,EUR
Magic: The Gathering,binder,Timid Shieldbearer,ECL,Lorwyn Eclipsed,39,normal,common,1,110699,1c672d38-a1a6-4912-a9a6-b11e7bf0cc67,0.02,false,false,near_mint,en,EUR
Magic: The Gathering,binder,Scarblade Scout,ECL,Lorwyn Eclipsed,118,normal,common,1,110833,c2412fea-4591-4345-913f-edc2da9ad975,0.03,false,false,near_mint,en,EUR
Magic: The Gathering,binder,Tend the Sprigs,ECL,Lorwyn Eclipsed,197,normal,common,1,110324,388f6d9d-bb9a-4a3d-93c5-701db194863c,0.06,false,false,near_mint,en,EUR
Magic: The Gathering,binder,Surly Farrier,ECL,Lorwyn Eclipsed,196,normal,common,1,110431,056f7f51-18a9-4d80-8928-decaf4d12c0d,0.02,false,false,near_mint,en,EUR
Magic: The Gathering,binder,Firdoch Core,ECL,Lorwyn Eclipsed,255,normal,common,1,110788,8e45cd37-bf97-4742-978d-96f96ed653cd,0.09,false,false,near_mint,en,EUR
Magic: The Gathering,binder,Nameless Inversion,ECL,Lorwyn Eclipsed,113,normal,uncommon,1,110772,7a4944ac-839e-4aa1-8200-78cff36bb2ed,0.11,false,false,near_mint,en,EUR
Magic: The Gathering,binder,Explosive Prodigy,ECL,Lorwyn Eclipsed,136,normal,uncommon,1,110346,5515ea5e-ce28-4938-a31e-5e48522a5f93,0.11,false,false,near_mint,en,EUR
Magic: The Gathering,binder,Glister Bairn,ECL,Lorwyn Eclipsed,227,normal,uncommon,1,110850,dcccdd98-a1ba-41f4-a9ae-84d263da0af9,0.06,false,false,near_mint,en,EUR
Magic: The Gathering,binder,Winnowing,ECL,Lorwyn Eclipsed,43,normal,rare,1,110425,f943a7d8-9550-427e-8c45-ef834329d345,0.19,false,false,near_mint,en,EUR
Magic: The Gathering,binder,Plains,ECL,Lorwyn Eclipsed,269,normal,common,1,110325,3a438199-54f8-4702-81cf-a9d42e7cd9f1,0.08,false,false,near_mint,en,EUR
Magic: The Gathering,binder,Shimmerwilds Growth,ECL,Lorwyn Eclipsed,194,normal,uncommon,1,110612,c122719c-f0d1-4170-a0d1-d62172df1d21,0.16,false,false,near_mint,en,EUR
Magic: The Gathering,binder,Gilt-Leaf's Embrace,ECL,Lorwyn Eclipsed,177,foil,common,1,110769,739e5ab5-d562-407a-906e-c5c5173ad325,0.07,false,false,near_mint,en,EUR
Magic: The Gathering,binder,Poison Counter,TECC,Lorwyn Eclipsed Commander Tokens,13,normal,common,1,110874,8a9cb417-8709-4336-be36-2fb0cea31fe1,,false,false,near_mint,en,EUR
Magic: The Gathering,binder,Elf Warrior,TECC,Lorwyn Eclipsed Commander Tokens,4,normal,common,1,110710,29e9326a-a435-44c7-939a-8da6ed3c4510,,false,false,near_mint,en,EUR
Magic: The Gathering,binder,The Monarch,TECC,Lorwyn Eclipsed Commander Tokens,12,normal,common,1,110875,f629bba8-e2ef-4d1c-8f64-339879289a6d,,false,false,near_mint,en,EUR
Magic: The Gathering,binder,Snake,TECC,Lorwyn Eclipsed Commander Tokens,8,normal,common,1,110797,9a9380a8-8f38-47cd-8648-20626c06b9b3,,false,false,near_mint,en,EUR
Magic: The Gathering,binder,Elf,TECL,Lorwyn Eclipsed Tokens,4,normal,common,1,110725,39b36f22-21f9-44fe-8a49-bdc859503342,,false,false,near_mint,en,EUR
Magic: The Gathering,binder,Scarecrow,TECC,Lorwyn Eclipsed Commander Tokens,11,normal,common,1,110798,9ae02771-2917-4d6e-9608-1a592389439a,,false,false,near_mint,en,EUR
Magic: The Gathering,binder,Kithkin,TECL,Lorwyn Eclipsed Tokens,7,normal,common,1,110711,2ed11e1b-2289-48d2-8d96-ee7e590ecfd4,,false,false,near_mint,en,EUR
Magic: The Gathering,binder,Treasure,TECL,Lorwyn Eclipsed Tokens,10,normal,common,1,110812,ac4384b7-853c-417d-b3b4-f54cd0b5d361,,false,false,near_mint,en,EUR
Magic: The Gathering,binder,Saproling,TECC,Lorwyn Eclipsed Commander Tokens,7,normal,common,1,110716,34032448-fe31-44c7-845c-37fea0b8e762,,false,false,near_mint,en,EUR
Magic: The Gathering,binder,Zombie,TECC,Lorwyn Eclipsed Commander Tokens,3,normal,common,1,110694,17f001ab-514b-49e7-a657-b2872ad7a1de,,false,false,near_mint,en,EUR
Deseados lorwyn + eternities,list,Bitterbloom Bearer,ECL,Lorwyn Eclipsed,88,normal,mythic,1,108955,7127164d-f2a3-4d79-b6db-93507ff5ab47,20.33,false,false,near_mint,en,EUR
Deseados lorwyn + eternities,list,Bloodline Bidding,ECL,Lorwyn Eclipsed,385,foil,mythic,1,110590,aca1b882-0fe9-4022-98e4-bae528b2a1e2,7.53,false,false,near_mint,en,EUR
Deseados lorwyn + eternities,list,Soul Immolation,ECL,Lorwyn Eclipsed,156,normal,mythic,2,110703,234b70df-8c34-4da7-946e-b8b55a8df390,4.62,false,false,near_mint,en,EUR
Deseados lorwyn + eternities,list,Emptiness,ECL,Lorwyn Eclipsed,222,normal,mythic,1,108964,c6409eca-bef6-4f3a-8bbb-d69ec5dbfc13,5.34,false,false,near_mint,en,EUR
Deseados lorwyn + eternities,list,Collective Inferno,ECL,Lorwyn Eclipsed,132,normal,rare,1,110451,1ec084cc-997d-4079-b445-8f701ec3c277,0.48,false,false,near_mint,en,EUR
Deseados lorwyn + eternities,list,Champion of the Path,ECL,Lorwyn Eclipsed,130,normal,rare,1,110854,e369cd31-3e22-47eb-bf6a-00d823651710,0.3,false,false,near_mint,en,EUR
Deseados lorwyn + eternities,list,Champion of the Weird,ECL,Lorwyn Eclipsed,95,normal,rare,1,110421,e600dd01-65ac-489c-a52a-decbc3a9a4f3,0.16,false,false,near_mint,en,EUR
Deseados lorwyn + eternities,list,End-Blaze Epiphany,ECL,Lorwyn Eclipsed,134,normal,rare,1,110684,0f0a90ae-b3b3-4f52-8997-eac514b29e57,0.1,false,false,near_mint,en,EUR
Deseados lorwyn + eternities,list,Formidable Speaker,ECL,Lorwyn Eclipsed,176,normal,rare,1,109145,265522eb-4f6a-40e7-b374-3833fa63c80b,18.89,false,false,near_mint,en,EUR
Deseados lorwyn + eternities,list,Shinestriker,ECL,Lorwyn Eclipsed,68,normal,uncommon,1,110309,214e78f9-5364-49ab-b17e-0c76549c583e,0.11,false,false,near_mint,en,EUR
Deseados lorwyn + eternities,list,"Yarok, the Desecrated",ECC,Lorwyn Eclipsed Commander,136,normal,mythic,1,110611,c08a2da8-3ce7-4e0d-bdb0-81b6cdf3126a,0.33,false,false,near_mint,en,EUR
Deseados lorwyn + eternities,list,Fury,ECC,Lorwyn Eclipsed Commander,50,normal,mythic,1,110570,932d0fb9-382d-464a-9427-b91fa2398cdb,1.42,false,false,near_mint,en,EUR
Deseados lorwyn + eternities,list,"Eirdu, Carrier of Dawn // Isilu, Carrier of Twilight",ECL,Lorwyn Eclipsed,13,normal,mythic,1,108961,b2d9d5ca-7e15-437a-bdfc-5972b42148fe,5.76,false,false,near_mint,en,EUR
deseados extra,list,Thicket Elemental,DDR,Duel Decks: Nissa vs. Ob Nixilis,21,normal,rare,1,7842,c5a462ca-0632-410d-9999-a096b71fc3ea,0.22,false,false,near_mint,en,EUR
deseados extra,list,Dauthi Jackal,EXO,Exodus,58,normal,common,1,36278,419871bc-f036-4244-8b6c-3857ebe993f3,0.15,false,false,near_mint,en,EUR
deseados extra,list,In Thrall to the Pit,DMU,Dominaria United,132,normal,common,1,71260,0f33284f-bdb1-4982-8636-8f2e12896053,0.07,false,false,near_mint,en,EUR
COLECCION PERSONAL DEMONIOS,list,Abyssal Harvester,FDN,Foundations,316,foil,rare,1,100725,7e44b856-1803-4e63-ad81-43a1c4ef5020,2.64,false,false,near_mint,en,EUR
COLECCION PERSONAL DEMONIOS,list,Abyssal Harvester,FDN,Foundations,54,foil,rare,1,101342,f2e0f538-5825-47e9-883c-3ec6fd5b25ea,0.92,false,false,near_mint,en,EUR
COLECCION PERSONAL DEMONIOS,list,Abyssal Persecutor,IMA,Iconic Masters,78,foil,rare,1,3547,9f2b9f27-459c-4585-9051-b83ffe053a74,3.56,false,false,near_mint,en,EUR
COLECCION PERSONAL DEMONIOS,list,Apocalypse Demon,HOU,Hour of Devastation,58,foil,rare,1,4617,39dfbf99-55e8-468b-bcd9-9179cad7cab6,0.58,false,false,near_mint,en,EUR
COLECCION PERSONAL DEMONIOS,list,Arbiter of Woe,FDN,Foundations,55,foil,uncommon,1,101008,b2496c4a-df03-4583-bd76-f98ed5cb61ee,0.23,false,false,near_mint,en,EUR
COLECCION PERSONAL DEMONIOS,list,Archdemon of Paliano,CN2,Conspiracy: Take the Crown,39,foil,rare,1,8058,632122b0-6525-4b41-840f-4fd5bea2f0ea,1.15,false,false,near_mint,en,EUR
COLECCION PERSONAL DEMONIOS,list,Archdemon of Unx,ALA,Shards of Alara,64,foil,rare,1,24035,b260fbe1-21cb-4a66-aca3-e504b67ed712,0.63,false,false,near_mint,en,EUR
COLECCION PERSONAL DEMONIOS,list,Archfiend of Depravity,E01,Archenemy: Nicol Bolas,31,normal,rare,1,4895,0ec85db7-c8ec-4730-b692-c140977436aa,3.21,false,false,near_mint,en,EUR
COLECCION PERSONAL DEMONIOS,list,Archfiend of Despair,CMM,Commander Masters,137,foil,mythic,1,84784,b6d1e901-cef9-45ca-a946-a4a9cba6702d,21.63,false,false,near_mint,en,EUR
COLECCION PERSONAL DEMONIOS,list,Archfiend of Ifnir,ECC,Lorwyn Eclipsed Commander,70,normal,rare,1,110549,83057af6-cb88-4401-92ef-5b5d10463140,0.44,false,false,near_mint,en,EUR
COLECCION PERSONAL DEMONIOS,list,Archfiend of Sorrows,MH2,Modern Horizons 2,74,foil,uncommon,1,59889,f4d089f1-718e-4853-a634-64114735fba5,0.16,false,false,near_mint,en,EUR
COLECCION PERSONAL DEMONIOS,list,Archfiend of the Dross,ONE,Phyrexia: All Will Be One,82,foil,rare,1,78679,86b0edaf-8cfd-4508-9554-6f0fddc2dfc4,0.8,false,false,near_mint,en,EUR
COLECCION PERSONAL DEMONIOS,list,Archfiend of the Dross,ONE,Phyrexia: All Will Be One,434,foil,rare,1,78370,01d02c56-bf38-4bd8-9e0b-c1e2cc2e5dfe,2.8,false,false,near_mint,en,EUR
COLECCION PERSONAL DEMONIOS,list,Dark Ritual,DVD,Duel Decks Anthology: Divine vs. Demonic,45,normal,common,1,12433,43c636bd-9071-4212-8e2e-5d6c6f39f3d1,7.54,false,false,near_mint,en,EUR
COLECCION PERSONAL DEMONIOS,list,Cruel Edict,DVD,Duel Decks Anthology: Divine vs. Demonic,48,normal,uncommon,1,12430,54151d43-2e22-4e6c-a6fe-327959382dd1,0.41,false,false,near_mint,en,EUR
COLECCION PERSONAL DEMONIOS,list,Lord of the Pit,DVD,Duel Decks Anthology: Divine vs. Demonic,30,foil,mythic,1,12448,01fc18ee-4bfc-44b0-88b2-0d746f3565c8,0.44,false,false,near_mint,en,EUR
COLECCION PERSONAL DEMONIOS,list,Demonic Tutor,DVD,Duel Decks Anthology: Divine vs. Demonic,49,normal,uncommon,1,12429,68841ca8-a043-4f30-9a17-e983ed960bc2,40.71,false,false,near_mint,en,EUR
deseados extra,list,"Egon, God of Death // Throne of Death",KHM,Kaldheim,306,foil,rare,1,57113,ddfef9b6-4c78-49ac-b97c-5ddbbd8be7ef,0.9,false,false,near_mint,en,EUR
deseados extra,list,"Ojer Axonil, Deepest Might // Temple of Power",LCI,The Lost Caverns of Ixalan,158,foil,mythic,1,86317,50f8e2b6-98c7-4f28-bb39-e1fbe841f1ee,36.81,false,false,near_mint,en,EUR
deseados extra,list,Tiamat,PRM,Magic Online Promos,92786,foil,mythic,1,75040,f9dd1fe1-f0d1-4010-8544-2b693ef5183b,,false,false,near_mint,en,EUR
deseados extra,list,Tiamat,SLD,Secret Lair Drop,1017,foil,mythic,1,68815,d7ed714e-28df-4bf3-9752-112a6e9e3609,125.87,false,false,near_mint,en,EUR
deseados extra,list,Tiamat,AFR,Adventures in the Forgotten Realms,235,foil,mythic,1,58983,6dd0b9b0-55f4-4ce7-a916-6f23687f3fe4,24.94,false,false,near_mint,en,EUR
COLECCION PERSONAL DEMONIOS,list,"Be'lakor, the Dark Master",40K,"Warhammer 40,000 Commander",6,foil,mythic,1,72391,62b6ecb2-ac7e-4528-b53c-2cb4f1e38349,14.0,false,false,near_mint,en,EUR
COLECCION PERSONAL DEMONIOS,list,Blade of the Oni,NEO,Kamigawa: Neon Dynasty,89,foil,mythic,1,66788,b6bc3f71-b4ce-4c05-be3c-7a0faad476c3,1.71,false,false,near_mint,en,EUR
COLECCION PERSONAL DEMONIOS,list,Burning-Rune Demon,KHM,Kaldheim,81,foil,mythic,1,57150,f358a52b-8044-404e-8d04-2ec5903386cc,6.01,false,false,near_mint,en,EUR
COLECCION PERSONAL DEMONIOS,list,Defiler of Souls,ARB,Alara Reborn,37,foil,mythic,1,23471,16e8b418-04af-4b99-b8fd-deb1fe21a61c,7.65,false,false,near_mint,en,EUR
COLECCION PERSONAL DEMONIOS,list,Demon of Death's Gate,M11,Magic 2011,92,foil,mythic,1,21297,57fab4fc-c8de-47ef-a717-3adb58c2f5b6,12.12,false,false,near_mint,en,EUR
COLECCION PERSONAL DEMONIOS,list,Hellcarver Demon,ROE,Rise of the Eldrazi,113,foil,mythic,1,21854,984a037b-63c0-497d-b3b1-15726ef11a60,9.62,false,false,near_mint,en,EUR
COLECCION PERSONAL DEMONIOS,list,Herald of Anguish,AER,Aether Revolt,64,foil,mythic,1,6350,31a69ebe-4229-4067-8414-381b123fe63c,2.73,false,false,near_mint,en,EUR
COLECCION PERSONAL DEMONIOS,list,Infernal Sovereign,MOC,March of the Machine Commander,75,foil,mythic,1,81471,f4fd9a21-a06f-491c-88fa-6e83b1e4c2e9,0.94,false,false,near_mint,en,EUR
COLECCION PERSONAL DEMONIOS,list,"Kardur, Doomscourge",SCD,Starter Commander Decks,5,etched,mythic,1,74573,19e4d494-e8b3-4ae2-93e3-70c65ab90f15,1.5,false,false,near_mint,en,EUR
COLECCION PERSONAL DEMONIOS,list,Lord of the Forsaken,TDC,Tarkir: Dragonstorm Commander,186,normal,mythic,1,104451,0f87514c-cb45-443c-8768-891e2213950e,0.3,false,false,near_mint,en,EUR
COLECCION PERSONAL DEMONIOS,list,Malfegor,CMA,Commander Anthology,184,normal,mythic,1,5102,75316a5d-b25f-4e66-8477-1decb87f1225,0.49,false,false,near_mint,en,EUR
COLECCION PERSONAL DEMONIOS,list,Lord of the Void,RVR,Ravnica Remastered,424,foil,mythic,1,89965,e8f57607-7823-4b28-88a0-4b6330001552,28.71,false,false,near_mint,en,EUR
COLECCION PERSONAL DEMONIOS,list,Lord of the Void,RVR,Ravnica Remastered,327z,foil,mythic,1,90093,e83dafa5-7bad-4f6c-8c5f-6fc9eb9f94cb,182.32,false,false,near_mint,en,EUR
COLECCION PERSONAL DEMONIOS,list,Lord of the Void,RVR,Ravnica Remastered,327,foil,mythic,1,89791,896d2e10-ccde-4de0-bc07-3da68dbce09b,10.13,false,false,near_mint,en,EUR
COLECCION PERSONAL DEMONIOS,list,Lord of the Void,RVR,Ravnica Remastered,81,foil,mythic,1,89621,2e014649-0d96-4bc9-8446-e57df50a2a4c,9.33,false,false,near_mint,en,EUR
COLECCION PERSONAL DEMONIOS,list,Master of Cruelties,RVR,Ravnica Remastered,373z,foil,mythic,1,90078,b8a3e4d4-5c1a-4325-966a-b83666ee8460,124.35,false,false,near_mint,en,EUR
COLECCION PERSONAL DEMONIOS,list,Master of Cruelties,RVR,Ravnica Remastered,198,foil,mythic,1,90005,ffd68fe1-5cfc-44cf-8dfe-3488278cdcef,4.3,false,false,near_mint,en,EUR
COLECCION PERSONAL DEMONIOS,list,"Rakdos, the Showstopper",CLU,Ravnica: Clue Edition,205,normal,mythic,1,90711,210d07ab-7608-4fda-adb6-562cf194192f,1.93,false,false,near_mint,en,EUR
COLECCION PERSONAL DEMONIOS,list,"Rakdos, the Muscle",OTJ,Outlaws of Thunder Junction,297,foil,mythic,1,93319,b85635e0-fb5b-42ea-8a30-d67922cbca95,5.69,false,false,near_mint,en,EUR
COLECCION PERSONAL DEMONIOS,list,"Rakdos, the Muscle",OTJ,Outlaws of Thunder Junction,226,foil,mythic,1,93323,bb34babd-1b85-4a7d-a066-a8337805056e,2.15,false,false,near_mint,en,EUR
COLECCION PERSONAL DEMONIOS,list,"Rakdos, Patron of Chaos",MKM,Murders at Karlov Manor,387,foil,mythic,1,91326,fac8ed51-897f-4587-a234-dd3e051fab3f,5.32,false,false,near_mint,en,EUR
COLECCION PERSONAL DEMONIOS,list,"Rakdos, Patron of Chaos",MKM,Murders at Karlov Manor,320z,foil,mythic,1,92983,6d5c2b49-ae53-48b7-877a-7f9aa7b6fc4a,610.0,false,false,near_mint,en,EUR
COLECCION PERSONAL DEMONIOS,list,"Rakdos, Patron of Chaos",MKM,Murders at Karlov Manor,320,foil,mythic,1,91249,dea612ae-6e7e-4a42-844f-2bc97153b6b1,7.35,false,false,near_mint,en,EUR
COLECCION PERSONAL DEMONIOS,list,"Rakdos, Patron of Chaos",MKM,Murders at Karlov Manor,224,foil,mythic,1,91212,cc6fd2d5-8eb2-4265-a1bf-d4ae635285af,5.9,false,false,near_mint,en,EUR
COLECCION PERSONAL DEMONIOS,list,"Rakdos, Lord of Riots",DSC,Duskmourn: House of Horror Commander,230,normal,mythic,1,99114,3d0d5a41-8251-437c-a4a0-3b712281ebb0,0.87,false,false,near_mint,en,EUR
COLECCION PERSONAL DEMONIOS,list,Prince of Thralls,ALA,Shards of Alara,182,foil,mythic,1,23917,56d6e8a2-d1b0-4aae-95f5-6ecc5718d454,10.79,false,false,near_mint,en,EUR
COLECCION PERSONAL DEMONIOS,list,Reaper from the Abyss,C14,Commander 2014,159,normal,mythic,1,12697,0831a574-33c5-4ab2-b7f6-17db2829df51,1.52,false,false,near_mint,en,EUR
COLECCION PERSONAL DEMONIOS,list,"Valgavoth, Harrower of Souls",DSC,Duskmourn: House of Horror Commander,6,foil,mythic,1,98650,8d7c1f6c-af45-4449-8cf8-e13830b3df8a,15.7,false,false,near_mint,en,EUR
COLECCION PERSONAL DEMONIOS,list,"Valgavoth, Terror Eater",DSK,Duskmourn: House of Horror,407,foil,mythic,1,98623,497ec48f-5e6a-4f57-86ca-3640b7235002,142.42,false,false,near_mint,en,EUR
COLECCION PERSONAL DEMONIOS,list,"Valgavoth, Terror Eater",DSK,Duskmourn: House of Horror,352,foil,mythic,1,98655,9ee79357-2488-41a1-8f8c-dfcb77206f8a,19.55,false,false,near_mint,en,EUR
COLECCION PERSONAL DEMONIOS,list,"Valgavoth, Terror Eater",DSK,Duskmourn: House of Horror,120,foil,mythic,1,98640,7740ff55-67bb-409e-90f7-2c2c8b8c770a,18.73,false,false,near_mint,en,EUR
COLECCION PERSONAL DEMONIOS,list,"Ziatora, the Incinerator",M3C,Modern Horizons 3 Commander,279,foil,mythic,1,95090,1cc4c087-2996-4436-b2b4-21acd25375db,1.16,false,false,near_mint,en,EUR
COLECCION PERSONAL DEMONIOS,list,Xathrid Demon,C14,Commander 2014,170,normal,mythic,1,12686,0e33fd08-7c23-4ea6-be98-f907defcbd30,0.27,false,false,near_mint,en,EUR
COLECCION PERSONAL DEMONIOS,list,The Speed Demon,DFT,Aetherdrift,538,foil,mythic,1,103472,36bd51bd-e451-4f1d-af19-bb777ec1a85c,6.09,false,false,near_mint,en,EUR
COLECCION PERSONAL DEMONIOS,list,The Speed Demon,DFT,Aetherdrift,453,foil,mythic,1,103649,da8a7c1f-9d05-4a4c-bdf2-cd9ee7ed18a5,5.81,false,false,near_mint,en,EUR
COLECCION PERSONAL DEMONIOS,list,The Speed Demon,DFT,Aetherdrift,339,foil,mythic,1,103529,6c4045e7-6d2c-4ef9-922e-3681fa820c4b,2.09,false,false,near_mint,en,EUR
COLECCION PERSONAL DEMONIOS,list,The Speed Demon,DFT,Aetherdrift,105,foil,mythic,1,103516,62242a80-0444-4a0e-a868-97eabcc77648,2.04,false,false,near_mint,en,EUR
COLECCION PERSONAL DEMONIOS,list,In Thrall to the Pit,DMU,Dominaria United,132,foil,common,1,71260,0f33284f-bdb1-4982-8636-8f2e12896053,0.08,false,false,near_mint,en,EUR
deseados extra,list,Raging Goblinoids,SPM,Marvel's Spider-Man,85,foil,uncommon,1,108456,8519598f-ab7f-49b0-90cc-c0b6422ebdf8,0.12,false,false,near_mint,en,EUR
COLECCION PERSONAL DEMONIOS,list,Raging Goblinoids,SPM,Marvel's Spider-Man,85,foil,uncommon,1,108456,8519598f-ab7f-49b0-90cc-c0b6422ebdf8,0.12,false,false,near_mint,en,EUR
deseados extra,list,Scythe Specter,CM2,Commander Anthology Volume II,74,normal,rare,1,1663,590bd3e6-3bef-4c2d-9d4f-4b4bd5ff06d0,0.68,false,false,near_mint,en,EUR
deseados extra,list,"Graaz, Unstoppable Juggernaut",ONE,Phyrexia: All Will Be One,478,foil,rare,1,78690,8db7c66b-5453-4237-8dd5-bf6ee69bcab8,1.69,false,false,near_mint,en,EUR
deseados extra,list,Hellkite Overlord,2X2,Double Masters 2022,504,etched,mythic,1,70463,bd17ee7d-dd79-4d77-8873-c44f820ca5b0,2.4,false,false,near_mint,en,EUR
COLECCION PERSONAL DEMONIOS,list,"Auntie Blyte, Bad Influence",J22,Jumpstart 2022,30,normal,mythic,1,76492,85c18d01-62cd-45c2-94b8-a63a4239311d,3.62,false,false,near_mint,en,EUR
COLECCION PERSONAL DEMONIOS,list,Rot-Curse Rakshasa,TDM,Tarkir: Dragonstorm,339,foil,mythic,1,104960,cd34da53-1a96-4f06-aaf6-e70581de112d,1.74,false,false,near_mint,en,EUR
COLECCION PERSONAL DEMONIOS,list,Rot-Curse Rakshasa,TDM,Tarkir: Dragonstorm,87,foil,mythic,1,104531,31276460-fa9d-47da-85c5-c4baa8074d0d,1.88,false,false,near_mint,en,EUR
COLECCION PERSONAL DEMONIOS,list,Scourge of the Skyclaves,ZNR,Zendikar Rising,343,foil,mythic,1,54529,43fec4b5-2a9c-4448-9fef-045d0e6725c2,2.41,false,false,near_mint,en,EUR
COLECCION PERSONAL DEMONIOS,list,"Raffine, Scheming Seer",SNC,Streets of New Capenna,392,foil,mythic,1,67762,549bdaa3-15a9-4b59-b30b-9d3d013664d6,32.16,false,false,near_mint,en,EUR
COLECCION PERSONAL DEMONIOS,list,"Raffine, Scheming Seer",SNC,Streets of New Capenna,213,foil,mythic,1,67821,716a44b4-f6b0-4f14-a270-6442aed3251f,4.8,false,false,near_mint,en,EUR
COLECCION PERSONAL DEMONIOS,list,Griselbrand,INR,Innistrad Remastered,485,foil,mythic,1,102691,9bc860fe-af9e-44d8-82e6-da0a24466378,12.72,false,false,near_mint,en,EUR
COLECCION PERSONAL DEMONIOS,list,Griselbrand,INR,Innistrad Remastered,381,foil,mythic,1,102787,d06b486e-14c5-4368-b4e6-7b942f400b25,10.97,false,false,near_mint,en,EUR
COLECCION PERSONAL DEMONIOS,list,Griselbrand,INR,Innistrad Remastered,115,foil,mythic,1,102512,4069e510-f3f3-4668-9f13-3546fa9bc7c3,4.85,false,false,near_mint,en,EUR
COLECCION PERSONAL DEMONIOS,list,Bloodletter of Aclazotz,LCI,The Lost Caverns of Ixalan,336,foil,mythic,1,88463,48c5b98d-73cd-4b69-9933-4867da6e8389,28.36,false,false,near_mint,en,EUR
COLECCION PERSONAL DEMONIOS,list,Blade of the Oni,NEO,Kamigawa: Neon Dynasty,420,etched,mythic,1,66657,2029be79-88d8-4d15-a7d7-f5b8d469ad54,8.49,false,false,near_mint,en,EUR
COLECCION PERSONAL DEMONIOS,list,Blade of the Oni,NEO,Kamigawa: Neon Dynasty,377,foil,mythic,1,66688,46f5c2f4-1690-4392-80d6-d99148bc8b13,3.52,false,false,near_mint,en,EUR
deseados extra,list,Nesting Dragon,TDC,Tarkir: Dragonstorm Commander,225,normal,rare,1,104686,626db678-2dec-4026-af5a-83e834692ba0,0.21,false,false,near_mint,en,EUR
COLECCION PERSONAL DEMONIOS,list,Juzám Djinn,ARN,Arabian Nights,29,normal,rare,1,41586,31bf3f14-b5df-498b-a1bb-965885c82401,1477.75,false,false,near_mint,en,EUR
COLECCION PERSONAL DEMONIOS,list,Yawgmoth Demon,9ED,Ninth Edition,170★,foil,rare,1,79305,25fc12d6-eb2b-467d-87e6-29ae54a7dc6a,15.23,false,false,near_mint,en,EUR
deseados extra,list,"The Master, Transcendent",PIP,Fallout,947,foil,mythic,1,92531,a0d4b2e0-1e57-461d-9c5e-fea4b9ebe897,2.76,false,false,near_mint,en,EUR
COLECCION PERSONAL DEMONIOS,list,Head Games,10E,Tenth Edition,148,foil,rare,1,25944,73ab3037-7e62-46a7-800e-8bfa7d33f237,8.99,false,false,near_mint,en,EUR
deseados extra,list,Parapet Thrasher,TDC,Tarkir: Dragonstorm Commander,76,normal,rare,1,104561,39df10ff-42a4-480d-a808-3ce838d9f8ce,1.65,false,false,near_mint,en,EUR
deseados extra,list,You Are Unworthy of Mercy,DSC,Duskmourn: House of Horror Commander,359,normal,common,1,99356,d17f5640-5477-49fd-bedd-4a3d9f768e4f,0.12,false,false,near_mint,en,EUR
COLECCION PERSONAL DEMONIOS,list,Grinning Demon,ONS,Onslaught,153,foil,rare,1,31150,72de2f66-0b86-4c21-b4c8-c2d97e3fd095,25.18,false,false,near_mint,en,EUR
deseados extra,list,Warden of the Grove,TDM,Tarkir: Dragonstorm,351,foil,rare,1,104524,2e3d7969-5dcb-434d-8a8b-fb16da288bc4,2.4,false,false,near_mint,en,EUR
deseados extra,list,Wake the Dragon,LTC,Tales of Middle-earth Commander,154,normal,rare,1,83105,5b72634e-f38c-40d4-99d1-054306309706,1.35,false,false,near_mint,en,EUR
deseados extra,list,Protector of the Wastes,TDC,Tarkir: Dragonstorm Commander,54,normal,rare,1,104567,3d0e4790-3ebc-4e2a-96aa-7f1909864baa,0.32,false,false,near_mint,en,EUR
COLECCION PERSONAL DEMONIOS,list,Drain the Well,EVE,Eventide,121,foil,common,1,24430,28ebd1f5-55ee-48c9-a8df-85c8c4bf3473,0.23,false,false,near_mint,en,EUR
deseados extra,list,Shore Snapper,ALA,Shards of Alara,87,foil,common,1,24012,157e5763-4892-47e4-8fd5-f576844c0a0d,0.16,false,false,near_mint,en,EUR
deseados extra,list,Unwanted Remake,DSK,Duskmourn: House of Horror,306,foil,uncommon,1,98664,be897dda-8603-4264-a022-87870f635b40,0.41,false,false,near_mint,en,EUR
deseados extra,list,Unwanted Remake,DSK,Duskmourn: House of Horror,39,foil,uncommon,1,98644,7b54447f-1daf-4352-b5c3-3c0ec8b8f4d0,0.17,false,false,near_mint,en,EUR
Magic: The Gathering,binder,Hostile Takeover,SNC,Streets of New Capenna,375,foil,rare,1,68079,f2d196a9-25aa-44da-baa7-2a0191ad7609,0.45,false,false,near_mint,en,EUR
Magic: The Gathering,binder,Herald of Anguish,AER,Aether Revolt,64,normal,mythic,1,6350,31a69ebe-4229-4067-8414-381b123fe63c,0.69,false,false,near_mint,en,EUR
Magic: The Gathering,binder,Aftermath Analyst,EOC,Edge of Eternities Commander,91,normal,uncommon,1,107046,66f135b4-8cb3-4a4e-86ae-81a3cf4b7259,1.42,false,false,near_mint,en,EUR
Magic: The Gathering,binder,Augur of Autumn,EOC,Edge of Eternities Commander,92,normal,rare,1,107146,c09f0e1b-c13b-4e53-ab0e-c8b8a6151d82,0.46,false,false,near_mint,en,EUR
Magic: The Gathering,binder,Baloth Prime,EOC,Edge of Eternities Commander,13,normal,rare,1,106985,2c723fc9-d5c9-4126-a9a6-f80c247a4b6b,0.41,false,false,near_mint,en,EUR
Magic: The Gathering,binder,Beast Within,EOC,Edge of Eternities Commander,93,normal,uncommon,1,107164,ccac70d4-6e04-4802-8bb8-021368a40e14,0.86,false,false,near_mint,en,EUR
Magic: The Gathering,binder,Blasphemous Act,ECC,Lorwyn Eclipsed Commander,89,normal,rare,1,110661,f349a283-a3ee-468b-92c5-d74f53f4d621,1.9,false,false,near_mint,en,EUR
Magic: The Gathering,binder,Bojuka Bog,EOC,Edge of Eternities Commander,149,normal,common,1,107128,b0c6fb5e-07e2-4d22-be19-60592f00584a,1.25,false,false,near_mint,en,EUR
Magic: The Gathering,binder,"Braids, Arisen Nightmare",EOC,Edge of Eternities Commander,82,normal,rare,1,107212,f96223d0-04c4-40c2-87a9-0c6bc74adddb,4.02,false,false,near_mint,en,EUR
Magic: The Gathering,binder,Cabaretti Courtyard,EOC,Edge of Eternities Commander,151,normal,common,1,107154,c54ddd4e-f668-4ec8-b123-59afa977eba4,0.31,false,false,near_mint,en,EUR
Magic: The Gathering,binder,Centaur Vinecrasher,EOC,Edge of Eternities Commander,94,normal,rare,1,107167,cf8712ba-574b-4e53-9c7e-0a1465116320,0.18,false,false,near_mint,en,EUR
Magic: The Gathering,binder,Cultivate,ECC,Lorwyn Eclipsed Commander,103,normal,common,1,110496,4d36559d-3b91-46e4-bc39-c489842adcbf,0.58,false,false,near_mint,en,EUR
Magic: The Gathering,binder,Dakmor Salvage,EOC,Edge of Eternities Commander,156,normal,uncommon,1,107057,72474b66-1dda-409d-8703-b026c1777081,0.25,false,false,near_mint,en,EUR
Magic: The Gathering,binder,Escape Tunnel,EOC,Edge of Eternities Commander,157,normal,common,1,107110,a0335da5-d754-480d-89d9-be6b8ca33fda,0.29,false,false,near_mint,en,EUR
Magic: The Gathering,binder,Escape to the Wilds,EOC,Edge of Eternities Commander,115,normal,rare,1,107084,889cdc42-fae3-4dda-9cf0-697730ef00e3,0.16,false,false,near_mint,en,EUR
Magic: The Gathering,binder,Eumidian Hatchery,EOC,Edge of Eternities Commander,20,normal,rare,1,106976,25b57aaf-04fa-463d-8516-40fccd24d6ed,1.64,false,false,near_mint,en,EUR
Magic: The Gathering,binder,Eumidian Wastewaker,EOC,Edge of Eternities Commander,8,normal,rare,1,107005,3ee18d18-0167-4caa-adad-9d4435689c80,0.21,false,false,near_mint,en,EUR
Magic: The Gathering,binder,Evendo Brushrazer,EOC,Edge of Eternities Commander,10,normal,rare,1,107086,8b9001a4-953c-4a32-b51a-c6bec7e74f9e,0.35,false,false,near_mint,en,EUR
Magic: The Gathering,binder,Exploration Broodship,EOC,Edge of Eternities Commander,14,normal,rare,1,107036,61596da3-2a0e-47d9-b707-8db4cce2479d,3.17,false,false,near_mint,en,EUR
Magic: The Gathering,binder,Fabled Passage,EOC,Edge of Eternities Commander,60,normal,rare,1,107052,6a21ecc8-f6fd-4670-91d8-94b9ce94c2fe,4.89,false,false,near_mint,en,EUR
Magic: The Gathering,binder,Farseek,EOC,Edge of Eternities Commander,50,normal,common,1,107097,95e0760a-d285-493b-88cd-7556d9b10007,0.87,false,false,near_mint,en,EUR
Magic: The Gathering,binder,Formless Genesis,EOC,Edge of Eternities Commander,96,normal,rare,1,107130,b2222cae-2b12-4163-ab1b-7d315877ee8d,0.21,false,false,near_mint,en,EUR
Magic: The Gathering,binder,Gaze of Granite,EOC,Edge of Eternities Commander,116,normal,rare,1,107100,97cf4cd8-9cb5-482e-92ca-da657b410e48,0.15,false,false,near_mint,en,EUR
Magic: The Gathering,binder,God-Eternal Bontu,EOC,Edge of Eternities Commander,83,normal,mythic,1,106958,142b0860-8a82-4830-a4ff-2bbfc102437e,0.47,false,false,near_mint,en,EUR
Magic: The Gathering,binder,Groundskeeper,EOC,Edge of Eternities Commander,97,normal,uncommon,1,106988,30444f88-5a7e-46bc-ab0c-17e62fae2457,0.08,false,false,near_mint,en,EUR
Magic: The Gathering,binder,Hammer of Purphoros,EOC,Edge of Eternities Commander,88,normal,rare,1,107091,900de725-741b-4b25-8e40-78ed7575a83f,0.28,false,false,near_mint,en,EUR
Magic: The Gathering,binder,Harrow,EOC,Edge of Eternities Commander,98,normal,common,1,107003,3e76be46-cf81-4fef-bc5b-f87666cb0413,0.25,false,false,near_mint,en,EUR
Magic: The Gathering,binder,"Hearthhull, the Worldseed",EOC,Edge of Eternities Commander,1,foil,mythic,1,107054,6b913e79-a9f6-44d4-bb37-c4f6f66b8151,0.67,false,false,near_mint,en,EUR
Magic: The Gathering,binder,Horizon Explorer,EOC,Edge of Eternities Commander,15,normal,rare,1,107119,a5873a4d-ab6e-4dd2-9380-5eaa367a8396,3.7,false,false,near_mint,en,EUR
Magic: The Gathering,binder,"Juri, Master of the Revue",EOC,Edge of Eternities Commander,119,normal,uncommon,1,107018,5006eae5-3b77-45ab-a907-f5094b2eaf1f,0.1,false,false,near_mint,en,EUR
Magic: The Gathering,binder,Karplusan Forest,EOC,Edge of Eternities Commander,164,normal,rare,1,107047,67198b97-bac2-480f-aea8-12841e8884de,0.85,false,false,near_mint,en,EUR
Magic: The Gathering,binder,"Korvold, Fae-Cursed King",EOC,Edge of Eternities Commander,120,normal,mythic,1,107032,607c1793-8e5a-4ebf-87c6-7f9c99bbd29a,1.43,false,false,near_mint,en,EUR
Magic: The Gathering,binder,Llanowar Wastes,EOC,Edge of Eternities Commander,165,normal,rare,1,107179,d9f0d724-3b77-4cf6-a745-a04aca743312,0.97,false,false,near_mint,en,EUR
Magic: The Gathering,binder,Loamcrafter Faun,EOC,Edge of Eternities Commander,99,normal,rare,1,106942,066de4d6-3fa4-44e0-ab02-8d97b603015a,0.19,false,false,near_mint,en,EUR
Magic: The Gathering,binder,Maestros Theater,EOC,Edge of Eternities Commander,167,normal,common,1,107175,d4087ba6-8227-4ec3-a989-0833ad6c8788,0.26,false,false,near_mint,en,EUR
Magic: The Gathering,binder,Mayhem Devil,EOC,Edge of Eternities Commander,121,normal,uncommon,1,107049,674f3a8a-4552-4289-b92a-06ce158f115c,0.31,false,false,near_mint,en,EUR
Magic: The Gathering,binder,"Mazirek, Kraul Death Priest",EOC,Edge of Eternities Commander,122,normal,rare,1,106959,1522122b-e4bf-4dba-b22c-efa18bc6c33b,0.92,false,false,near_mint,en,EUR
Magic: The Gathering,binder,"Moraug, Fury of Akoum",EOC,Edge of Eternities Commander,89,normal,mythic,1,107013,4481eab8-9e7d-4db8-b1f2-fdf5ee1919a2,2.45,false,false,near_mint,en,EUR
Magic: The Gathering,binder,Mountain Valley,EOC,Edge of Eternities Commander,61,normal,uncommon,1,106989,3094800e-9994-47c3-9ebc-536bf5de13cd,0.18,false,false,near_mint,en,EUR
Magic: The Gathering,binder,"Multani, Yavimaya's Avatar",EOC,Edge of Eternities Commander,100,normal,mythic,1,107152,c37a0136-1c40-4cd1-8787-a25c377c1741,0.15,false,false,near_mint,en,EUR
Magic: The Gathering,binder,Myriad Landscape,EOC,Edge of Eternities Commander,169,normal,uncommon,1,107112,a0e2098f-1d94-491a-a7e9-a45a9f69e3a8,0.21,false,false,near_mint,en,EUR
Magic: The Gathering,binder,Nature's Lore,EOC,Edge of Eternities Commander,101,normal,uncommon,1,107027,5b42a79a-1f08-4e15-b40e-c993307ae066,2.73,false,false,near_mint,en,EUR
Magic: The Gathering,binder,"Omnath, Locus of Rage",ECC,Lorwyn Eclipsed Commander,129,normal,mythic,1,110515,637c5910-f835-496e-b1b9-445bfb71da97,0.31,false,false,near_mint,en,EUR
Magic: The Gathering,binder,Oracle of Mul Daya,EOC,Edge of Eternities Commander,102,normal,rare,1,107125,ab19808f-a5b8-4dfd-800e-2064cd6538c8,3.5,false,false,near_mint,en,EUR
Magic: The Gathering,binder,Pest Infestation,EOC,Edge of Eternities Commander,103,normal,rare,1,107103,99add821-568b-4931-8525-a673e6cc8f65,0.51,false,false,near_mint,en,EUR
Magic: The Gathering,binder,Planetary Annihilation,EOC,Edge of Eternities Commander,12,normal,rare,1,107083,8695796f-b6ed-46db-b1b8-07ed0cc5a5e5,0.26,false,false,near_mint,en,EUR
Magic: The Gathering,binder,Rakdos Charm,EOC,Edge of Eternities Commander,125,normal,uncommon,1,107041,64b67170-1602-4050-80c0-ade2a6cac211,0.67,false,false,near_mint,en,EUR
Magic: The Gathering,binder,Rampaging Baloths,EOC,Edge of Eternities Commander,104,normal,rare,1,107077,84aa18de-6acc-46cc-8e28-3046790a6751,0.4,false,false,near_mint,en,EUR
Magic: The Gathering,binder,Rocky Tar Pit,EOC,Edge of Eternities Commander,173,normal,uncommon,1,106981,2aa1f7c6-f888-4384-9626-f106571e164c,0.17,false,false,near_mint,en,EUR
Magic: The Gathering,binder,Roiling Regrowth,EOC,Edge of Eternities Commander,105,normal,uncommon,1,106984,2c446dbb-b883-47e9-aab3-ac921ff218f8,0.26,false,false,near_mint,en,EUR
Magic: The Gathering,binder,Satyr Wayfinder,EOC,Edge of Eternities Commander,106,normal,common,1,107087,8bbbe65d-7162-42fb-94ee-d835d6c3f02a,0.11,false,false,near_mint,en,EUR
Magic: The Gathering,binder,Scouring Swarm,EOC,Edge of Eternities Commander,16,normal,rare,1,107090,8fc25982-8668-43c4-93db-84e716e8783d,0.52,false,false,near_mint,en,EUR
Magic: The Gathering,binder,Skyshroud Claim,EOC,Edge of Eternities Commander,107,normal,common,1,107082,860c0808-3ec1-4182-bf83-783720a02780,0.97,false,false,near_mint,en,EUR
Magic: The Gathering,binder,Soul of Windgrace,EOC,Edge of Eternities Commander,126,normal,mythic,1,107026,5a80f7e1-1d79-4302-a603-73eb060b97a6,0.25,false,false,near_mint,en,EUR
Magic: The Gathering,binder,Splendid Reclamation,EOC,Edge of Eternities Commander,108,normal,rare,1,107040,63c7f172-0aec-4629-967c-37253aed0f0d,0.78,false,false,near_mint,en,EUR
Magic: The Gathering,binder,Springbloom Druid,EOC,Edge of Eternities Commander,51,normal,common,1,107042,6520f5dc-ead8-40c5-af1c-411fea2ba268,0.18,false,false,near_mint,en,EUR
Magic: The Gathering,binder,Sprouting Goblin,EOC,Edge of Eternities Commander,90,normal,uncommon,1,107208,f5555845-0424-4cb6-b373-57a722444a4a,0.14,false,false,near_mint,en,EUR
Magic: The Gathering,binder,Sulfurous Springs,EOC,Edge of Eternities Commander,185,normal,rare,1,107202,eedb9df2-20d3-4cfd-8aed-336edc37d5a9,1.38,false,false,near_mint,en,EUR
Magic: The Gathering,binder,"Szarel, Genesis Shepherd",EOC,Edge of Eternities Commander,4,foil,mythic,1,106766,89b61123-b10f-4bcf-b5f9-1f302f9b22d1,0.52,false,false,near_mint,en,EUR
Magic: The Gathering,binder,Tear Asunder,EOC,Edge of Eternities Commander,109,normal,uncommon,1,107189,e408c673-4a1f-45db-827a-75c501e1b3d6,0.24,false,false,near_mint,en,EUR
Magic: The Gathering,binder,The Gitrog Monster,EOC,Edge of Eternities Commander,117,normal,mythic,1,107007,40489e28-878d-44a2-847f-07beef1aa0f8,1.11,false,false,near_mint,en,EUR
Magic: The Gathering,binder,Tireless Tracker,EOC,Edge of Eternities Commander,110,normal,rare,1,107045,66444549-ad9b-49c6-a7c6-34e977c1085d,0.22,false,false,near_mint,en,EUR
Magic: The Gathering,binder,"Titania, Protector of Argoth",EOC,Edge of Eternities Commander,111,normal,mythic,1,107058,732c208b-cd9e-48a9-9b9d-aba63066ba53,0.42,false,false,near_mint,en,EUR
Magic: The Gathering,binder,Twilight Mire,EOC,Edge of Eternities Commander,189,normal,rare,1,107133,b38ba12b-63ab-46ac-8fde-d1c9307c85e2,0.55,false,false,near_mint,en,EUR
Magic: The Gathering,binder,"Uurg, Spawn of Turg",EOC,Edge of Eternities Commander,127,normal,uncommon,1,107170,d1974536-9e4f-4808-9e49-a036ec7bf65c,0.08,false,false,near_mint,en,EUR
Magic: The Gathering,binder,Viridescent Bog,EOC,Edge of Eternities Commander,190,normal,rare,1,107099,96fccdf1-9c68-46cd-ba90-668f677bbc44,0.25,false,false,near_mint,en,EUR
Magic: The Gathering,binder,Wastes,EOC,Edge of Eternities Commander,191,normal,common,1,107141,baf8f4f2-9f25-4cd2-8d78-1041e134aeac,0.37,false,false,near_mint,en,EUR
Magic: The Gathering,binder,Windgrace's Judgment,EOC,Edge of Eternities Commander,129,normal,rare,1,107205,f1f6efcf-6ac3-4bf9-9bd2-d5c78a5defb3,0.2,false,false,near_mint,en,EUR
Magic: The Gathering,binder,World Breaker,EOC,Edge of Eternities Commander,112,normal,mythic,1,107171,d25856c9-cb3d-44d9-905e-007f1af65c06,0.45,false,false,near_mint,en,EUR
Magic: The Gathering,binder,Worldsoul's Rage,EOC,Edge of Eternities Commander,130,normal,rare,1,106965,1a54246e-1e22-4660-b2c8-fdfa2110b4fe,0.21,false,false,near_mint,en,EUR
Deseados lorwyn + eternities,list,Quantum Riddler,EOE,Edge of Eternities,305,foil,mythic,1,106983,2b0e16d5-a3e5-4e58-9f97-3d967618f015,76.78,false,false,near_mint,en,EUR
Deseados lorwyn + eternities,list,Anticausal Vestige,EOE,Edge of Eternities,383,foil,mythic,1,107147,c0a00a77-1f7b-4528-aaf1-b2d78e73a604,90.5,false,false,near_mint,en,EUR
Deseados lorwyn + eternities,list,Devastating Onslaught,EOE,Edge of Eternities,308,foil,mythic,1,107404,376d4b86-b530-4063-b530-87cc5c32e2fa,3.23,false,false,near_mint,en,EUR
Deseados lorwyn + eternities,list,Spinerock Tyrant,ECL,Lorwyn Eclipsed,389,foil,mythic,1,110791,933f0eb4-7c8a-44c9-b91b-f3ff35081d1d,17.81,false,false,near_mint,en,EUR
Deseados lorwyn + eternities,list,Spinerock Tyrant,ECL,Lorwyn Eclipsed,322,foil,mythic,1,110760,65825a3c-a442-476d-b594-e61d6104dffa,7.3,false,false,near_mint,en,EUR
Deseados lorwyn + eternities,list,Deceit,ECL,Lorwyn Eclipsed,293,foil,mythic,1,108942,0a1c101b-3fad-421c-a081-69e75db95c46,36.89,false,false,near_mint,en,EUR
Deseados lorwyn + eternities,list,Soul Immolation,ECL,Lorwyn Eclipsed,321,foil,mythic,1,110837,c79d97c0-76aa-439c-b47d-dc4b00ffda96,8.36,false,false,near_mint,en,EUR
COLECCION PERSONAL DEMONIOS,list,Soul Immolation,ECL,Lorwyn Eclipsed,321,foil,mythic,1,110837,c79d97c0-76aa-439c-b47d-dc4b00ffda96,8.36,false,false,near_mint,en,EUR
COLECCION PERSONAL DEMONIOS,list,Shadow Urchin,ECL,Lorwyn Eclipsed,379,foil,rare,1,110863,ec1b5c33-2025-4d01-9b51-433a40a105ed,0.14,false,false,near_mint,en,EUR
Deseados lorwyn + eternities,list,Shadow Urchin,ECL,Lorwyn Eclipsed,379,foil,rare,1,110863,ec1b5c33-2025-4d01-9b51-433a40a105ed,0.14,false,false,near_mint,en,EUR
COLECCION PERSONAL DEMONIOS,list,Emptiness,ECL,Lorwyn Eclipsed,294,foil,mythic,1,108960,9f53e76d-3038-41f7-b050-bb9d7c7d2ea3,15.67,false,false,near_mint,en,EUR
Deseados lorwyn + eternities,list,Emptiness,ECL,Lorwyn Eclipsed,294,normal,mythic,1,108960,9f53e76d-3038-41f7-b050-bb9d7c7d2ea3,8.46,false,false,near_mint,en,EUR
Deseados lorwyn + eternities,list,"Sothera, the Supervoid",EOE,Edge of Eternities,382,foil,mythic,1,106759,07b10f1b-b03b-4f19-bc7e-69d5eaa5ff07,598.78,false,false,near_mint,en,EUR
COLECCION PERSONAL DEMONIOS,list,Summit Prowler,DTK,Dragons of Tarkir,160,foil,common,1,11654,eec9005d-eca8-45a6-b221-9d5a2cfb1e91,0.13,false,false,near_mint,en,EUR
deseados extra,list,Summit Prowler,DTK,Dragons of Tarkir,160,foil,common,1,11654,eec9005d-eca8-45a6-b221-9d5a2cfb1e91,0.13,false,false,near_mint,en,EUR
deseados extra,list,Throne of Bone,8ED,Eighth Edition,317★,foil,uncommon,1,79700,5148acc2-ef45-40f8-b012-13ca0a16041a,0.66,false,false,near_mint,en,EUR
COLECCION PERSONAL DEMONIOS,list,Reckoner's Bargain,NEO,Kamigawa: Neon Dynasty,120,foil,common,1,66883,6338942d-d650-4571-8ec6-4d658792c53e,1.82,false,false,near_mint,en,EUR
PROXY,binder,"Aesi, Tyrant of Gyre Strait",DSC,Duskmourn: House of Horror Commander,210,normal,mythic,1,99188,673c21f8-02b6-4ac4-b2fc-df065b4ac662,12.47,false,false,near_mint,en,EUR
PROXY,binder,Allosaurus Shepherd,2X2,Double Masters 2022,132,normal,mythic,1,70332,7afa0ee5-a0b8-472e-9991-09402ddb5de3,32.13,false,false,near_mint,en,EUR
PROXY,binder,Aluren,TMP,Tempest,213,normal,rare,1,36786,268403bc-733d-446e-a7c1-abc957c42bc2,38.79,false,false,near_mint,en,EUR
PROXY,binder,Angel's Grace,MMA,Modern Masters,4,normal,rare,1,16305,310deafe-124b-4813-a383-bc9a9d028cfc,4.55,false,false,near_mint,en,EUR
PROXY,binder,Anguished Unmaking,TDC,Tarkir: Dragonstorm Commander,279,normal,rare,1,104946,c7ce164c-3437-440c-b462-acca491bfd91,2.81,false,false,near_mint,en,EUR
PROXY,binder,Anvil of Bogardan,VIS,Visions,141,normal,rare,1,38032,7ff965dd-54b4-4f21-a52f-81c0dd1e691e,19.59,false,false,near_mint,en,EUR
PROXY,binder,Ashnod's Altar,CMM,Commander Masters,368,normal,uncommon,1,84257,3c0f7157-a375-499c-92c7-d47d2e95dbad,10.53,false,false,near_mint,en,EUR
PROXY,binder,Avenger of Zendikar,ECC,Lorwyn Eclipsed Commander,98,normal,mythic,1,110621,c6f1e60f-a195-4590-80b0-86767de6c423,0.57,false,false,near_mint,en,EUR
PROXY,binder,Bloodchief Ascension,CMM,Commander Masters,139,normal,rare,1,84924,d56d1535-d9de-459f-bc31-0923f621e0e9,14.73,false,false,near_mint,en,EUR
PROXY,binder,Bloodghast,IMA,Iconic Masters,82,normal,rare,1,3543,730c521f-ba12-48fb-b18f-6bb55423a551,2.82,false,false,near_mint,en,EUR
PROXY,binder,"Boseiju, Who Shelters All",CHK,Champions of Kamigawa,273,normal,rare,1,28952,0180d9a8-992c-4d55-8ac4-33a587786993,5.56,false,false,near_mint,en,EUR
PROXY,binder,Chain of Vapor,C16,Commander 2016,84,normal,uncommon,1,7270,38f741bf-13ee-4384-98ab-27833ebb9f6d,9.43,false,false,near_mint,en,EUR
PROXY,binder,City of Brass,MD1,Modern Event Deck 2014,15,normal,rare,1,14435,2d120ddb-73e7-4dbc-b48c-4a6c74f331c3,13.81,false,false,near_mint,en,EUR
PROXY,binder,Copy Artifact,3ED,Revised Edition,53,normal,rare,1,41372,0d42f473-3e3f-4441-b7ee-6819a3a8f52e,52.56,false,false,near_mint,en,EUR
PROXY,binder,Cursed Totem,6ED,Classic Sixth Edition,278,normal,rare,1,35099,048ceee4-0a56-4e43-92f2-80058844baba,4.91,false,false,near_mint,en,EUR
PROXY,binder,Cyclonic Rift,CMM,Commander Masters,84,normal,rare,1,84855,c77ebe57-ea56-4300-b293-6260c4c01a43,25.67,false,false,near_mint,en,EUR
PROXY,binder,Dance of the Dead,ICE,Ice Age,118,normal,uncommon,1,39691,e7c53ba4-9956-4cd6-85ca-2d6b61a5127c,15.97,false,false,near_mint,en,EUR
PROXY,binder,Deadly Rollick,CMM,Commander Masters,147,normal,rare,1,84050,0e13f735-54fa-42b6-aea4-ced33811d7d4,18.46,false,false,near_mint,en,EUR
PROXY,binder,Defense Grid,9ED,Ninth Edition,293,normal,rare,1,28070,f939dac5-ad71-4163-adde-4f435412477c,3.37,false,false,near_mint,en,EUR
PROXY,binder,Defense of the Heart,ULG,Urza's Legacy,100,normal,rare,1,35420,9e93381f-627f-41b6-b1b6-45d712a44d8e,14.69,false,false,near_mint,en,EUR
PROXY,binder,Deflecting Swat,CMM,Commander Masters,214,normal,rare,1,84778,b4b36435-55b3-4615-8812-af41d4fc64d9,42.35,false,false,near_mint,en,EUR
PROXY,binder,Delay,FUT,Future Sight,35,normal,uncommon,1,26302,e821d337-4bc5-4401-ac9b-34adf4012b73,2.82,false,false,near_mint,en,EUR
PROXY,binder,Demonic Consultation,ICE,Ice Age,121,normal,uncommon,1,39688,8d727b9b-6114-414d-9172-16b6e1db41cc,8.66,false,false,near_mint,en,EUR
PROXY,binder,Demonic Tutor,CMM,Commander Masters,150,normal,mythic,1,84690,a24b4cb6-cebb-428b-8654-74347a6a8d63,40.04,false,false,near_mint,en,EUR
PROXY,binder,Dockside Extortionist,C19,Commander 2019,24,normal,rare,1,45910,571bc9eb-8d13-4008-86b5-2e348a326d58,13.68,false,false,near_mint,en,EUR
PROXY,binder,Dream Halls,STH,Stronghold,28,normal,rare,1,36617,ff4a22d9-007b-4eb7-af9e-b5c2cae36238,21.23,false,false,near_mint,en,EUR
PROXY,binder,Fabled Passage,M21,Core Set 2021,246,normal,rare,1,51008,d313d051-7295-4884-8cbf-f2f835fd45f4,4.51,false,false,near_mint,en,EUR
PROXY,binder,Field of the Dead,M20,Core Set 2020,247,normal,rare,1,45213,470ca3f4-29aa-4c4c-8ff2-8cdd70c69943,28.1,false,false,near_mint,en,EUR
PROXY,binder,Fierce Guardianship,CMM,Commander Masters,94,normal,rare,1,85067,f7f3dd95-bd14-4e0f-a388-444f9cf1b0dc,39.76,false,false,near_mint,en,EUR
PROXY,binder,Flawless Maneuver,CMM,Commander Masters,24,normal,rare,1,84728,ab12f69e-1491-47a8-8c46-d85bbf637ff6,17.56,false,false,near_mint,en,EUR
PROXY,binder,Force of Negation,2X2,Double Masters 2022,50,normal,rare,1,70088,1825a719-1b2a-4af9-9cd2-7cb497cd0317,43.68,false,false,near_mint,en,EUR
PROXY,binder,Gamble,UMA,Ultimate Masters,132,normal,rare,1,43378,c01c9474-90a1-4c2e-bd90-471ff4fd04e5,10.0,false,false,near_mint,en,EUR
PROXY,binder,Ghostly Prison,TDC,Tarkir: Dragonstorm Commander,116,normal,uncommon,1,104997,da3b83cb-f778-4096-9022-b1d6637354ff,5.62,false,false,near_mint,en,EUR
PROXY,binder,Grand Abolisher,CMM,Commander Masters,27,normal,rare,1,84574,86e30ca4-1769-4686-aa18-31610246cd80,9.44,false,false,near_mint,en,EUR
PROXY,binder,Grand Arbiter Augustin IV,2X2,Double Masters 2022,221,normal,rare,1,70601,f43748ea-1d65-4ee8-9c66-221412a284c0,8.49,false,false,near_mint,en,EUR
PROXY,binder,Grasp of Fate,C15,Commander 2015,3,normal,rare,1,10033,42e1e595-4000-4c89-a2cd-dbaec25baa71,0.74,false,false,near_mint,en,EUR
PROXY,binder,Hall of Gemstone,MIR,Mirage,221,normal,rare,1,38369,18e4551f-9f6c-4421-ad66-a270df6d3463,8.35,false,false,near_mint,en,EUR
PROXY,binder,Hullbreacher,CMR,Commander Legends,74,normal,rare,1,55671,4df8aabc-7fcb-4b7b-980b-18f499e6c170,3.34,false,false,near_mint,en,EUR
PROXY,binder,In the Eye of Chaos,LEG,Legends,61,normal,rare,1,41058,733933dd-c871-4f75-8b08-d7c010dddbe6,83.79,false,false,near_mint,en,EUR
PROXY,binder,Intruder Alarm,8ED,Eighth Edition,86,normal,rare,1,30450,8d62468e-ed9d-4932-bbbd-103b33b98b25,1.8,false,false,near_mint,en,EUR
PROXY,binder,Jeweled Lotus,CMM,Commander Masters,396,normal,mythic,1,80429,d7183700-6941-4a3d-a581-4f33bea795e9,49.97,false,false,near_mint,en,EUR
PROXY,binder,"Jin-Gitaxias, Core Augur",IMA,Iconic Masters,62,normal,mythic,1,3563,14a360b6-c7b4-4b25-8288-b3bb8d527bda,8.15,false,false,near_mint,en,EUR
PROXY,binder,"Kokusho, the Evening Star",IMA,Iconic Masters,95,normal,rare,1,3530,ab56cedb-1bcd-48a5-8503-a8e324e236ad,16.37,false,false,near_mint,en,EUR
PROXY,binder,Leonin Arbiter,2X2,Double Masters 2022,16,normal,rare,1,70047,0d0f827b-ebc3-45a4-8d12-c71a14478038,0.28,false,false,near_mint,en,EUR
PROXY,binder,Lightning Greaves,TDC,Tarkir: Dragonstorm Commander,102,normal,uncommon,1,104791,8b59b12c-fde5-4f19-a357-e09f06f490cc,4.5,false,false,near_mint,en,EUR
PROXY,binder,Lim-Dûl's Vault,C13,Commander 2013,197,normal,uncommon,1,15189,cec89c38-0b72-44b0-ac6c-7eb9503e1256,4.01,false,false,near_mint,en,EUR
PROXY,binder,Lithoform Engine,ZNR,Zendikar Rising,245,normal,mythic,1,54583,6683416a-5820-4cd0-b28a-60a53239e9ef,3.43,false,false,near_mint,en,EUR
PROXY,binder,Mana Confluence,JOU,Journey into Nyx,163,normal,rare,1,14486,504a69eb-3c2d-4bb1-b117-252b15acf0c2,21.0,false,false,near_mint,en,EUR
PROXY,binder,Mana Crypt,2XM,Double Masters,270,normal,mythic,1,51885,4d960186-4559-4af0-bd22-63baa15f8939,41.48,false,false,near_mint,en,EUR
PROXY,binder,Mana Vortex,DRK,The Dark,31,normal,rare,1,40472,f857a00a-82e0-4227-86ee-1f9c7ca232ae,20.09,false,false,near_mint,en,EUR
PROXY,binder,Mana Web,WTH,Weatherlight,152,normal,rare,1,37145,2c72ec90-dacc-496f-a7f5-f18bfce5eb3e,9.42,false,false,near_mint,en,EUR
PROXY,binder,Meren of Clan Nel Toth,TDC,Tarkir: Dragonstorm Commander,297,normal,mythic,1,104639,508b1442-bf2c-4ad6-9bcf-bd894e081ab6,0.87,false,false,near_mint,en,EUR
PROXY,binder,Mindslaver,MRD,Mirrodin,206,normal,rare,1,29839,98fb1eaa-2871-491a-a4f5-3e358778ba40,1.36,false,false,near_mint,en,EUR
PROXY,binder,Mirari's Wake,CMM,Commander Masters,928,normal,mythic,1,85030,ef4fa4e8-39e8-47a6-b975-ff5d46e59edd,4.29,false,false,near_mint,en,EUR
PROXY,binder,Mox Amber,DOM,Dominaria,224,normal,mythic,1,2052,66024e69-ad60-4c9a-a0ca-da138d33ad80,46.84,false,false,near_mint,en,EUR
PROXY,binder,Mystic Remora,ICE,Ice Age,87,normal,common,1,39722,58e93dff-b774-4765-b7bd-d3957e42ff4a,7.16,false,false,near_mint,en,EUR
PROXY,binder,Mystical Tutor,DMR,Dominaria Remastered,60,normal,rare,1,77856,36fa9a0b-b0c9-43ea-ba11-99d7982f974e,9.17,false,false,near_mint,en,EUR
PROXY,binder,Necromancy,VIS,Visions,64,normal,uncommon,1,38109,311a6257-dd77-4bb6-81cb-c8e7862350f3,7.4,false,false,near_mint,en,EUR
PROXY,binder,Necropotence,IMA,Iconic Masters,98,normal,mythic,1,3527,c89c6895-b0f8-444a-9c89-c6b4fd027b3e,16.4,false,false,near_mint,en,EUR
PROXY,binder,Nether Void,LEG,Legends,113,normal,rare,2,41006,2e72f8cb-5bc3-4711-9b7c-a6eea9a0beaf,385.57,false,false,near_mint,en,EUR
PROXY,binder,Noxious Revival,ONC,Phyrexia: All Will Be One Commander,110,normal,uncommon,1,78537,4db5b4cd-3809-4dfe-8b9a-2a25b02e814c,4.94,false,false,near_mint,en,EUR
PROXY,binder,Null Chamber,MIR,Mirage,31,normal,rare,1,38559,814f8976-6612-438f-a04a-8edb63edb1e7,0.75,false,false,near_mint,en,EUR
PROXY,binder,Nyxbloom Ancient,THB,Theros Beyond Death,190,normal,mythic,1,46872,a391da36-0b40-46ea-b771-50d2b920207e,17.01,false,false,near_mint,en,EUR
PROXY,binder,"Omnath, Locus of Creation",ZNR,Zendikar Rising,232,normal,mythic,1,54543,4e4fb50c-a81f-44d3-93c5-fa9a0b37f617,3.62,false,false,near_mint,en,EUR
PROXY,binder,Opposition Agent,CMR,Commander Legends,141,normal,rare,1,55550,086f97e9-8b62-44f3-b467-149c2ac5ca78,23.71,false,false,near_mint,en,EUR
PROXY,binder,Overburden,PCY,Prophecy,39,normal,rare,1,33641,7e6cf6b6-b4c1-4742-9be4-b3b15fbb0202,5.72,false,false,near_mint,en,EUR
PROXY,binder,Power Artifact,ATQ,Antiquities,11,normal,uncommon,1,41514,e48bc89e-6da5-43da-b4e0-60d5f850199c,128.18,false,false,near_mint,en,EUR
PROXY,binder,Propaganda,M3C,Modern Horizons 3 Commander,191,normal,uncommon,1,94906,0806d4a1-4d2f-454b-b830-5ab58e13a452,2.42,false,false,near_mint,en,EUR
PROXY,binder,"Ramos, Dragon Engine",FDN,Foundations,678,normal,mythic,1,100817,8f95f753-bbaa-4282-9cd9-f1737136fc9e,1.51,false,false,near_mint,en,EUR
PROXY,binder,Reanimate,DSC,Duskmourn: House of Horror Commander,155,normal,rare,1,99098,368b6903-5fc4-43e7-bd44-46b8107c8bb4,7.6,false,false,near_mint,en,EUR
PROXY,binder,Reap,TMP,Tempest,247,normal,uncommon,1,36752,229f8a3d-d1a5-46d7-9b1b-e165397e6579,1.23,false,false,near_mint,en,EUR
PROXY,binder,Reflecting Pool,CNS,Conspiracy,210,normal,rare,1,14210,919a51f8-e7b5-4544-85a3-2d76f9d2d41d,9.02,false,false,near_mint,en,EUR
PROXY,binder,Replenish,UDS,Urza's Destiny,15,normal,rare,1,34830,7fd2fe13-bbc0-42b7-bc42-3b51910ce118,91.68,false,false,near_mint,en,EUR
PROXY,binder,Sakashima of a Thousand Faces,CMR,Commander Legends,89,normal,mythic,1,55729,714c3a1f-7b30-4ed8-8f38-6176758741fb,27.97,false,false,near_mint,en,EUR
PROXY,binder,Savor the Moment,SHM,Shadowmoor,50,normal,rare,1,24816,93a0d9ad-31bf-4561-a5b2-f44a12a2c2c2,5.48,false,false,near_mint,en,EUR
PROXY,binder,"Selvala, Heart of the Wilds",ECC,Lorwyn Eclipsed Commander,116,normal,mythic,1,110546,812856be-cf51-42de-96d2-4ac91e71d442,2.5,false,false,near_mint,en,EUR
PROXY,binder,Sen Triplets,2XM,Double Masters,218,normal,mythic,1,51819,13ac5292-9817-4f5d-b3fa-611f9ba44443,2.79,false,false,near_mint,en,EUR
PROXY,binder,Shark Typhoon,DSC,Duskmourn: House of Horror Commander,127,normal,rare,1,99090,2b2accb1-d77b-4633-9d0c-b972d9c014bb,1.0,false,false,near_mint,en,EUR
PROXY,binder,"Sidisi, Undead Vizier",DTK,Dragons of Tarkir,120,normal,rare,1,11694,6ea5dbba-6114-4d97-9363-817ab9e896d3,6.24,false,false,near_mint,en,EUR
PROXY,binder,Smokestack,V14,From the Vault: Annihilation,11,foil,mythic,1,13534,ec94adb9-277a-4237-b8ca-ad2f52a1d832,2.16,false,false,near_mint,en,EUR
PROXY,binder,Song of the Dryads,CMM,Commander Masters,324,normal,rare,1,84089,161e66e3-0339-495c-bd06-0a799a254906,4.27,false,false,near_mint,en,EUR
PROXY,binder,Spellseeker,CMM,Commander Masters,120,normal,mythic,1,84712,a749c591-2fbe-41d8-ac5b-56ebce82d33e,13.34,false,false,near_mint,en,EUR
PROXY,binder,Sphere of Resistance,EXO,Exodus,139,normal,rare,1,36197,17f4d2a5-bb85-4662-b2dd-a363ec7eab9b,23.54,false,false,near_mint,en,EUR
PROXY,binder,Stasis,5ED,Fifth Edition,127,normal,rare,1,37879,96570023-a9d6-4536-ac11-f0baad041d7c,6.27,false,false,near_mint,en,EUR
PROXY,binder,Stranglehold,CMA,Commander Anthology,87,normal,rare,1,5199,da81e6e9-90f2-4dad-894c-1952f05264c2,3.3,false,false,near_mint,en,EUR
PROXY,binder,Summoner's Pact,TSR,Time Spiral Remastered,234,normal,rare,1,57920,ee0f88ac-8a90-4057-b0e6-c15fbd02da38,3.6,false,false,near_mint,en,EUR
PROXY,binder,Swan Song,C16,Commander 2016,98,normal,rare,1,7256,9d968dde-c406-48ef-a1ab-373aebc24693,9.83,false,false,near_mint,en,EUR
PROXY,binder,Sylvan Library,CC1,Commander Collection: Green,5,normal,rare,1,56658,7a483778-b88b-473f-9217-7583e69b3e70,22.42,false,false,near_mint,en,EUR
PROXY,binder,Tainted Pact,ODY,Odyssey,164,normal,rare,1,32013,c513f51b-a0db-4c08-8acc-1e91060b93b7,25.07,false,false,near_mint,en,EUR
PROXY,binder,Temporal Trespass,FRF,Fate Reforged,55,normal,mythic,1,12071,a08b7a1e-b404-41ea-875f-b3468501cb4b,3.83,false,false,near_mint,en,EUR
PROXY,binder,Tempt with Vengeance,TDC,Tarkir: Dragonstorm Commander,239,normal,rare,1,104593,44ffb919-7b7c-4b7f-b616-cff8369409f2,0.31,false,false,near_mint,en,EUR
PROXY,binder,"Thalia, Guardian of Thraben",A25,Masters 25,36,normal,rare,1,2680,97ff44c9-6ff5-432d-9876-488c96833c39,0.8,false,false,near_mint,en,EUR
PROXY,binder,The Abyss,LEG,Legends,120,normal,rare,2,40999,86a27d68-3e58-4ade-976d-36381beed451,649.98,false,false,near_mint,en,EUR
PROXY,binder,The Great Henge,CMM,Commander Masters,294,normal,mythic,1,84426,6340e0f3-7f9c-4d71-8daf-e1be5505eb5b,44.52,false,false,near_mint,en,EUR
PROXY,binder,The One Ring,LTR,The Lord of the Rings: Tales of Middle-earth,0,foil,mythic,1,83304,93de9042-cc62-4ade-8d8d-68fdbc84bfae,,false,false,near_mint,en,EUR
PROXY,binder,Thousand-Year Storm,FDN,Foundations,248,normal,rare,1,100691,76c48a67-1410-40f1-9b93-0172d85e4688,0.41,false,false,near_mint,en,EUR
PROXY,binder,Tolaria West,TSR,Time Spiral Remastered,286,normal,rare,1,57802,b005eef6-75f3-454f-a42b-d851bc84ac4e,0.92,false,false,near_mint,en,EUR
PROXY,binder,Tombstone Stairwell,MIR,Mirage,149,normal,rare,1,38441,f8fe2f99-7ec2-490c-8ec3-aa2fb4680826,26.5,false,false,near_mint,en,EUR
PROXY,binder,Tymna the Weaver,CMR,Commander Legends,539,etched,mythic,1,55899,cec4983f-c2ec-4bf5-9f14-e75f0a2788a6,31.02,false,false,near_mint,en,EUR
PROXY,binder,"Uro, Titan of Nature's Wrath",M3C,Modern Horizons 3 Commander,277,normal,mythic,1,95051,e0b06619-d672-4542-a025-2ec3a62b761d,4.14,false,false,near_mint,en,EUR
PROXY,binder,Urza's Incubator,CM2,Commander Anthology Volume II,228,normal,rare,1,1509,94e10277-a935-4c78-b45f-52ab5ea0f95c,14.86,false,false,near_mint,en,EUR
PROXY,binder,Walk the Aeons,TSR,Time Spiral Remastered,98,normal,rare,1,57712,794d09ae-a995-482f-848e-7f99477bd6f3,0.68,false,false,near_mint,en,EUR
PROXY,binder,Wayward Swordtooth,LCC,The Lost Caverns of Ixalan Commander,263,normal,rare,1,88711,95a5d742-187a-4eba-82e4-7a4cc5c4e6f3,2.75,false,false,near_mint,en,EUR
PROXY,binder,Wheel and Deal,ONS,Onslaught,121,normal,rare,1,31182,61f50a1a-f3d0-4fcf-bd32-0e173b0d3247,4.47,false,false,near_mint,en,EUR
PROXY,binder,Wheel of Fortune,G10,Judge Gift Cards 2010,7,foil,rare,1,22219,a8a47aa2-7274-465a-865b-68fe47d4fa81,1047.42,false,false,near_mint,en,EUR
PROXY,binder,Winds of Change,5ED,Fifth Edition,275,normal,rare,1,37731,38712e4f-aabd-40b3-b41f-b034e032a729,6.09,false,false,near_mint,en,EUR
PROXY,binder,Winter Orb,EMA,Eternal Masters,234,normal,rare,1,8441,ab3cec7e-513e-400d-a1a8-2c71cdde02c6,10.82,false,false,near_mint,en,EUR
PROXY,binder,"Zacama, Primal Calamity",LCC,The Lost Caverns of Ixalan Commander,296,normal,mythic,1,88238,05c5a9a8-badd-43ab-8408-a13e75407681,1.16,false,false,near_mint,en,EUR
PROXY,binder,Aether Vial,2X2,Double Masters 2022,298,normal,rare,1,70062,11e8d2fd-b132-4807-9410-8edeffa519ed,4.05,false,false,near_mint,en,EUR
PROXY,binder,Ancestral Recall,2ED,Unlimited Edition,48,normal,rare,1,42481,2dd41293-d7c8-4422-9f0c-b3e96350f5c9,3588.93,false,false,near_mint,en,EUR
PROXY,binder,Ancient Tomb,TMP,Tempest,315,normal,uncommon,1,36684,30e401e3-282b-4524-87e1-c6cd50cd6d00,82.91,false,false,near_mint,en,EUR
PROXY,binder,Arid Mesa,MH2,Modern Horizons 2,244,normal,rare,1,58964,25ac5405-df7b-4097-914a-022cb18e20d4,24.42,false,false,near_mint,en,EUR
PROXY,binder,Badlands,3ED,Revised Edition,282,normal,rare,1,41143,56058359-3c0b-49db-a0ce-9ded4c3f4372,281.65,false,false,near_mint,en,EUR
PROXY,binder,Bayou,3ED,Revised Edition,283,normal,rare,1,41142,56355ff3-2232-4a11-b868-aec9a50b9ee5,271.9,false,false,near_mint,en,EUR
PROXY,binder,Bazaar of Baghdad,ARN,Arabian Nights,70,normal,uncommon,1,41539,ff37b863-f8c4-4584-8cc2-ac0e096e583f,1522.14,false,false,near_mint,en,EUR
PROXY,binder,Berserk,2ED,Unlimited Edition,186,normal,uncommon,1,42343,fd082697-493f-48e3-a41f-123700435025,80.11,false,false,near_mint,en,EUR
PROXY,binder,Birthing Pod,NPH,New Phyrexia,104,normal,rare,1,19781,b768efa2-e56b-4a7e-ace8-d673f10e0714,10.61,false,false,near_mint,en,EUR
PROXY,binder,Bitterblossom,2X2,Double Masters 2022,69,normal,mythic,1,70458,b9640cbf-b016-410e-9eff-e8924883517b,19.84,false,false,near_mint,en,EUR
PROXY,binder,Black Lotus,2ED,Unlimited Edition,233,normal,rare,1,42296,4a2e428c-dd25-484c-bbc8-2d6ce10ef42c,10150.81,false,false,near_mint,en,EUR
PROXY,binder,Blood Crypt,RVR,Ravnica Remastered,273,normal,rare,1,89543,0994aef4-b341-45f4-8881-523565a5956e,14.5,false,false,near_mint,en,EUR
PROXY,binder,Blood Moon,2XM,Double Masters,118,normal,rare,1,52030,d072e9ca-aae7-45dc-8025-3ce590bae63f,7.28,false,false,near_mint,en,EUR
PROXY,binder,Bloodstained Mire,ONS,Onslaught,313,normal,rare,1,30990,68c72226-6f52-4322-8b14-18737293dfa0,48.62,false,false,near_mint,en,EUR
PROXY,binder,Breeding Pool,RVR,Ravnica Remastered,275,normal,rare,1,89817,9b35c030-029d-4286-ab79-0165c8688c6c,9.63,false,false,near_mint,en,EUR
PROXY,binder,Candelabra of Tawnos,ATQ,Antiquities,43,normal,rare,1,41482,35a335bf-7358-460f-b7c9-1e8bc4300f64,1673.76,false,false,near_mint,en,EUR
PROXY,binder,Cavern of Souls,AVR,Avacyn Restored,226,normal,rare,1,18052,1381c8f1-a292-4bdf-b20c-a5c2a169ee84,33.26,false,false,near_mint,en,EUR
PROXY,binder,Celestial Colonnade,UMA,Ultimate Masters,238,normal,rare,1,43190,4c830a99-595b-4aed-9f6b-85a78917f498,0.68,false,false,near_mint,en,EUR
PROXY,binder,Chains of Mephistopheles,LEG,Legends,91,normal,rare,1,41028,2bb0e884-5bb4-41f3-b04b-6f638357c166,930.91,false,false,near_mint,en,EUR
PROXY,binder,Chalice of the Void,A25,Masters 25,222,normal,mythic,1,2494,1f0d2e8e-c8f2-4b31-a6ba-6283fc8740d4,16.52,false,false,near_mint,en,EUR
PROXY,binder,Chrome Mox,MRD,Mirrodin,152,normal,rare,1,29893,6a058e68-70af-4a64-859c-c881e5578368,60.47,false,false,near_mint,en,EUR
PROXY,binder,City of Traitors,EXO,Exodus,143,normal,rare,1,36193,a7a8b6b8-b95f-4014-b17a-a6d44d965995,317.23,false,false,near_mint,en,EUR
PROXY,binder,Crucible of Worlds,2X2,Double Masters 2022,303,normal,mythic,1,70338,7f4893ef-f983-418b-b7a4-5f073c844545,17.27,false,false,near_mint,en,EUR
PROXY,binder,Cryptic Command,MM2,Modern Masters 2015,43,normal,rare,1,11174,02fe76b0-86eb-4f5b-8877-657cb8a37fc3,4.74,false,false,near_mint,en,EUR
PROXY,binder,Damnation,2X2,Double Masters 2022,73,normal,rare,1,70527,d3c0aac5-b9f1-4446-bfea-3e1dd1cf1f2f,15.95,false,false,near_mint,en,EUR
PROXY,binder,Dark Confidant,RAV,Ravnica: City of Guilds,81,normal,rare,1,27929,94f7a441-bf2d-46fb-a7b6-9bd6137f86d9,5.62,false,false,near_mint,en,EUR
PROXY,binder,Dark Depths,CSP,Coldsnap,145,normal,rare,1,27096,92409c3a-fb1a-4205-9fe1-0f5affc7b21d,5.32,false,false,near_mint,en,EUR
PROXY,binder,Deathrite Shaman,RVR,Ravnica Remastered,175,normal,rare,1,89910,cfdb1c47-14be-491f-88b3-bed03489dbc5,7.52,false,false,near_mint,en,EUR
PROXY,binder,Demonic Tutor,3ED,Revised Edition,105,normal,uncommon,1,41320,881e5922-b464-4a1a-b074-664bd6c0a7f6,32.74,false,false,near_mint,en,EUR
PROXY,binder,Diamond Valley,ARN,Arabian Nights,73,normal,rare,1,41536,e85f6f21-15a0-4a36-be95-5a0299cd01a5,477.63,false,false,near_mint,en,EUR
PROXY,binder,Doubling Season,RAV,Ravnica: City of Guilds,158,normal,rare,1,27852,c7e71299-98f6-494e-b187-8d22ce5f50af,19.8,false,false,near_mint,en,EUR
PROXY,binder,"Emrakul, the Aeons Torn",2X2,Double Masters 2022,1,normal,mythic,1,70111,249db4d4-2542-47ee-a216-e13ffbc2319c,17.13,false,false,near_mint,en,EUR
PROXY,binder,Enlightened Tutor,6ED,Classic Sixth Edition,19,normal,uncommon,1,35358,e869da95-2c47-4796-aadc-50652ebb4d03,23.68,false,false,near_mint,en,EUR
PROXY,binder,Flooded Strand,ONS,Onslaught,316,normal,rare,1,30987,b4e3d844-d3b4-41d8-921d-c1cb3af343f8,47.76,false,false,near_mint,en,EUR
PROXY,binder,Flusterstorm,IMA,Iconic Masters,55,normal,rare,1,3570,f900eeb7-7c45-44bc-ad3a-0bbe594ecf50,4.07,false,false,near_mint,en,EUR
PROXY,binder,Force of Will,ALL,Alliances,28,normal,uncommon,1,38815,9a879b60-4381-447d-8a5a-8e0b6a1d49ca,53.03,false,false,near_mint,en,EUR
PROXY,binder,Forcefield,2ED,Unlimited Edition,244,normal,rare,1,42285,239a5d29-95cf-468a-8b07-aea1f7dc8d52,259.92,false,false,near_mint,en,EUR
PROXY,binder,Gaea's Cradle,USG,Urza's Saga,321,normal,rare,1,35647,25b0b816-0583-44aa-9dc5-f3ff48993a51,765.44,false,false,near_mint,en,EUR
PROXY,binder,Gauntlet of Might,2ED,Unlimited Edition,245,normal,rare,1,42284,407650c3-9388-45c3-a599-6929c7d6e5bd,425.5,false,false,near_mint,en,EUR
PROXY,binder,Godless Shrine,RVR,Ravnica Remastered,277,normal,rare,1,89824,9e26f6ad-c1b8-4ec6-a179-e86ce09824c1,9.58,false,false,near_mint,en,EUR
PROXY,binder,Grim Tutor,S99,Starter 1999,79,normal,rare,1,34623,ff00e877-3588-4ba9-a1f2-86f726157017,61.64,false,false,near_mint,en,EUR
PROXY,binder,Hallowed Fountain,RVR,Ravnica Remastered,280,normal,rare,1,89905,cd70adab-39db-4cc9-ae37-a342f9109bec,10.61,false,false,near_mint,en,EUR
PROXY,binder,Illusionary Mask,2ED,Unlimited Edition,250,normal,rare,1,42279,a274a381-4eb0-4e27-aff4-4d94e61b726a,79.49,false,false,near_mint,en,EUR
PROXY,binder,Imperial Recruiter,PTK,Portal Three Kingdoms,113,normal,uncommon,1,34913,1c473253-3992-4cc1-8b46-5d1da308c537,64.63,false,false,near_mint,en,EUR
PROXY,binder,Imperial Seal,PTK,Portal Three Kingdoms,78,normal,rare,1,34948,822e30db-40c5-4099-868b-185ad9b7c7dc,339.51,false,false,near_mint,en,EUR
PROXY,binder,Invoke Prejudice,LEG,Legends,62,normal,rare,1,41057,903d9fde-d7da-4a0e-a337-b63023c6d74b,341.65,false,false,near_mint,en,EUR
PROXY,binder,"Jace, the Mind Sculptor",2XM,Double Masters,56,normal,mythic,1,52020,c8817585-0d32-4d56-9142-0d29512e86a9,14.66,false,false,near_mint,en,EUR
PROXY,binder,Karn Liberated,2XM,Double Masters,1,normal,mythic,1,51881,4b0c6662-4dde-40a2-97e0-0318478c0367,3.65,false,false,near_mint,en,EUR
PROXY,binder,"Kiki-Jiki, Mirror Breaker",CHK,Champions of Kamigawa,175,normal,rare,1,29050,162018eb-5483-4fa2-9c5a-abb639eecf91,7.15,false,false,near_mint,en,EUR
PROXY,binder,Library of Alexandria,ARN,Arabian Nights,76,normal,uncommon,1,41533,ee266113-34ce-4189-84e7-ee2c86a2722c,1212.9,false,false,near_mint,en,EUR
PROXY,binder,Liliana of the Veil,UMA,Ultimate Masters,104,normal,mythic,1,43213,e653437e-2e56-4443-aec5-5bb7d8860238,8.99,false,false,near_mint,en,EUR
PROXY,binder,Lion's Eye Diamond,MIR,Mirage,307,normal,rare,1,38283,63bacc32-d6ba-420c-9b49-299c08e5fb39,375.22,false,false,near_mint,en,EUR
PROXY,binder,Mana Crypt,PHPR,HarperPrism Book Promos,5,normal,rare,1,41525,160cf235-6463-4e16-a426-8b5be76b10d2,113.51,false,false,near_mint,en,EUR
PROXY,binder,Mana Drain,LEG,Legends,65,normal,uncommon,1,41054,e691adef-3027-4e6a-889f-9f4e2df36a7c,149.21,false,false,near_mint,en,EUR
PROXY,binder,Marsh Flats,MH2,Modern Horizons 2,248,normal,rare,1,59010,9db3ba6d-eb7f-4f5b-9a3b-c6239c3baa42,21.21,false,false,near_mint,en,EUR
PROXY,binder,Maze of Ith,DRK,The Dark,117,normal,uncommon,1,40386,42dcceee-2a47-4eaa-a6a3-2931b3d50244,25.3,false,false,near_mint,en,EUR
PROXY,binder,Mishra's Workshop,ATQ,Antiquities,81,normal,rare,1,41441,135de5c7-6ac9-4b68-8f1a-97f120a4b125,2038.75,false,false,near_mint,en,EUR
PROXY,binder,Misty Rainforest,MH2,Modern Horizons 2,250,normal,rare,1,58999,88231c0d-0cc8-44ec-bf95-81d1710ac141,23.09,false,false,near_mint,en,EUR
PROXY,binder,Mox Emerald,2ED,Unlimited Edition,262,normal,rare,1,42267,a4db5af2-9caf-4493-b340-6d64021139e2,2453.74,false,false,near_mint,en,EUR
PROXY,binder,Mox Jet,2ED,Unlimited Edition,263,normal,rare,1,42266,70d6c02e-0f48-4fb0-94f3-1fc92ee1814f,2564.11,false,false,near_mint,en,EUR
PROXY,binder,Mox Pearl,2ED,Unlimited Edition,264,normal,rare,1,42265,c84e8a0e-49a7-46f6-8a37-910e32753528,4352.51,false,false,near_mint,en,EUR
PROXY,binder,Mox Ruby,2ED,Unlimited Edition,265,normal,rare,1,42264,21b7cbae-6647-4f36-b02d-5535ac88b1a6,3067.2,false,false,near_mint,en,EUR
PROXY,binder,Mox Sapphire,2ED,Unlimited Edition,266,normal,rare,1,42263,f7d82f1d-631e-4668-9d10-7bf0ee515267,4279.64,false,false,near_mint,en,EUR
PROXY,binder,Oblivion Stone,CM2,Commander Anthology Volume II,205,normal,rare,1,1532,a8b5d975-3968-4d42-9837-872095759776,0.37,false,false,near_mint,en,EUR
PROXY,binder,Overgrown Tomb,RVR,Ravnica Remastered,283,normal,rare,1,89666,4a297ec1-0a7c-4f67-936b-d9227767e989,9.37,false,false,near_mint,en,EUR
PROXY,binder,Plateau,3ED,Revised Edition,284,normal,rare,1,41141,c6ae9cff-8646-4069-8761-df734e067beb,220.06,false,false,near_mint,en,EUR
PROXY,binder,Polluted Delta,ONS,Onslaught,321,normal,rare,1,30982,0f7585c8-9e21-4eef-afc1-2852de23db2f,64.04,false,false,near_mint,en,EUR
PROXY,binder,Rishadan Port,MMQ,Mercadian Masques,324,normal,rare,1,34086,477a1f53-5cdf-4b45-b584-2e36b31a3fdb,63.5,false,false,near_mint,en,EUR
PROXY,binder,Sacred Foundry,RVR,Ravnica Remastered,285,normal,rare,1,89764,8076a8c3-7c6c-4636-b5d8-9b09ee95f92c,10.7,false,false,near_mint,en,EUR
PROXY,binder,Savannah,3ED,Revised Edition,285,normal,rare,1,41140,5ae71290-c133-406c-8b17-9ea22b437806,268.48,false,false,near_mint,en,EUR
PROXY,binder,Scalding Tarn,MH2,Modern Horizons 2,254,normal,rare,1,58986,71e491c5-8c07-449b-b2f1-ffa052e6d311,23.68,false,false,near_mint,en,EUR
PROXY,binder,Scrubland,3ED,Revised Edition,286,normal,rare,1,41139,472034a2-0ba9-4876-ab7a-aa7013d603bb,235.15,false,false,near_mint,en,EUR
PROXY,binder,Sensei's Divining Top,2X2,Double Masters 2022,314,normal,rare,1,70569,e5142b7a-e580-4737-a4aa-2590f6610ceb,18.95,false,false,near_mint,en,EUR
PROXY,binder,Show and Tell,USG,Urza's Saga,96,normal,rare,1,35872,4b851c17-55ed-4671-b471-dc7b34944432,41.57,false,false,near_mint,en,EUR
PROXY,binder,Sliver Legion,TSR,Time Spiral Remastered,261,normal,mythic,1,57734,87545415-2e27-4841-a3af-7653af2ba6d3,25.25,false,false,near_mint,en,EUR
PROXY,binder,Snapcaster Mage,ISD,Innistrad,78,normal,rare,1,18820,9e5b279e-4670-4a1e-87d0-3cab7e4f9e58,13.04,false,false,near_mint,en,EUR
PROXY,binder,Spellskite,CLB,Commander Legends: Battle for Baldur's Gate,873,normal,rare,1,69561,72204934-f5aa-4559-8f7e-7b0b223580d0,6.26,false,false,near_mint,en,EUR
PROXY,binder,Steam Vents,RVR,Ravnica Remastered,288,normal,rare,1,89727,66d618f4-443c-4a6c-8cbd-5d4ea96b2cd4,12.27,false,false,near_mint,en,EUR
PROXY,binder,Stomping Ground,RVR,Ravnica Remastered,289,normal,rare,1,89781,872301b2-b6e7-4972-a479-66a7e304c1d3,8.33,false,false,near_mint,en,EUR
PROXY,binder,Stoneforge Mystic,2XM,Double Masters,31,normal,rare,1,51884,4d3473d0-b46f-41f5-ac1e-ba217f7747d4,16.01,false,false,near_mint,en,EUR
PROXY,binder,Sword of Body and Mind,2XM,Double Masters,295,normal,mythic,1,51832,1ffe5f80-a2ac-41b8-8fce-fd3485643557,10.06,false,false,near_mint,en,EUR
PROXY,binder,Sword of Feast and Famine,2XM,Double Masters,296,normal,mythic,1,52017,c7710eb5-c56a-437b-8847-2a829c404d47,23.1,false,false,near_mint,en,EUR
PROXY,binder,Sword of Fire and Ice,2XM,Double Masters,297,normal,mythic,1,51839,2626d4c9-fcef-4057-a154-7d987a4a4b84,25.96,false,false,near_mint,en,EUR
PROXY,binder,Sword of Light and Shadow,2XM,Double Masters,298,normal,mythic,1,51995,b378c8bf-85ed-4d28-aec9-4925d12bca4a,10.68,false,false,near_mint,en,EUR
PROXY,binder,Sword of War and Peace,2XM,Double Masters,300,normal,mythic,1,51877,46e6f50b-4b18-4aab-a7b0-869f25bc4c40,5.57,false,false,near_mint,en,EUR
PROXY,binder,Taiga,3ED,Revised Edition,287,normal,rare,1,41138,54c5c65a-a444-4e0f-ae44-a3722cdd32a1,231.47,false,false,near_mint,en,EUR
PROXY,binder,Tarmogoyf,FUT,Future Sight,153,normal,rare,1,26184,b6876d9e-0908-43ac-8542-09c7aa02b5ba,9.86,false,false,near_mint,en,EUR
PROXY,binder,Temple Garden,RVR,Ravnica Remastered,290,normal,rare,1,89581,18d2e383-d380-4d18-8aad-bd8ea093a16c,11.77,false,false,near_mint,en,EUR
PROXY,binder,Thoughtseize,2XM,Double Masters,109,normal,rare,1,51994,b281a308-ab6b-47b6-bec7-632c9aaecede,8.14,false,false,near_mint,en,EUR
PROXY,binder,Time Vault,2ED,Unlimited Edition,275,normal,rare,1,42254,0b64dd0f-2e99-41bd-87aa-f623582d64d0,999.59,false,false,near_mint,en,EUR
PROXY,binder,Time Walk,2ED,Unlimited Edition,84,normal,rare,1,42445,ade7d00d-4e7b-46e9-ace1-63f628a589fc,3493.48,false,false,near_mint,en,EUR
PROXY,binder,Timetwister,2ED,Unlimited Edition,85,normal,rare,1,42444,01bda3d7-122a-48a0-bab3-676c4a557b74,3958.15,false,false,near_mint,en,EUR
PROXY,binder,Tolarian Academy,USG,Urza's Saga,330,normal,rare,1,35638,ad7ac9a5-340f-4509-826c-7b9416d47887,86.01,false,false,near_mint,en,EUR
PROXY,binder,Tropical Island,3ED,Revised Edition,288,normal,rare,1,41137,a0f5c6bc-65dc-42a1-a62d-a0b101310a1f,360.37,false,false,near_mint,en,EUR
PROXY,binder,Tundra,3ED,Revised Edition,289,normal,rare,1,41136,9c9d5f72-e199-4d5b-ae7e-cc5b9bdfae99,350.71,false,false,near_mint,en,EUR
PROXY,binder,Umezawa's Jitte,BOK,Betrayers of Kamigawa,163,normal,rare,1,28546,3b6e5956-f795-451b-bb24-56462d1ced27,6.06,false,false,near_mint,en,EUR
PROXY,binder,Underground Sea,3ED,Revised Edition,290,normal,rare,1,41135,1f35877c-e66c-4ef0-842a-f68cd233ae4b,583.92,false,false,near_mint,en,EUR
PROXY,binder,Vampiric Tutor,6ED,Classic Sixth Edition,161,normal,rare,1,35216,c8505bc8-218f-4b56-be78-ebde535ebaa0,39.62,false,false,near_mint,en,EUR
PROXY,binder,Vendilion Clique,MMA,Modern Masters,70,normal,mythic,1,16239,d141d5bb-6437-4353-bec9-63d59f5d8207,3.66,false,false,near_mint,en,EUR
PROXY,binder,Verdant Catacombs,MH2,Modern Horizons 2,260,normal,rare,1,59004,94c229ea-90da-4aa0-bfda-b162fb3b5b8b,20.65,false,false,near_mint,en,EUR
PROXY,binder,Voice of Resurgence,2XM,Double Masters,227,normal,rare,1,51964,99d1e843-71c9-4a65-bc36-d23858ef5ead,2.09,false,false,near_mint,en,EUR
PROXY,binder,Volcanic Island,3ED,Revised Edition,291,normal,rare,1,41134,b12e5430-0e80-47dd-80ac-85728b656a24,538.72,false,false,near_mint,en,EUR
PROXY,binder,Wasteland,TMP,Tempest,330,normal,uncommon,1,36669,99ff731b-8399-40c8-b539-ba6ba5783771,34.07,false,false,near_mint,en,EUR
PROXY,binder,Watery Grave,RVR,Ravnica Remastered,291,normal,rare,1,89738,6e86eb36-f4cc-4a75-b43a-4dee463a3b33,10.85,false,false,near_mint,en,EUR
PROXY,binder,Windswept Heath,ONS,Onslaught,328,normal,rare,1,30975,7a7c5941-9c8a-4a40-9efb-a84f05c58e53,34.62,false,false,near_mint,en,EUR
PROXY,binder,Wooded Foothills,ONS,Onslaught,330,normal,rare,1,30973,cdad38f7-9dfa-4f1b-9fac-41ab2b253f53,54.97,false,false,near_mint,en,EUR
Magic: The Gathering,binder,"Dyadrine, Synthesis Amalgam",EOE,Edge of Eternities,298,normal,rare,1,107411,3cba1ffa-9b43-41f9-a5ea-57cd48013c1c,0.38,false,false,near_mint,en,EUR
Magic: The Gathering,binder,Roving Actuator,EOE,Edge of Eternities,157,foil,uncommon,1,107375,1111173b-ea49-4de4-b5b0-07d768c626b9,0.18,false,false,near_mint,en,EUR
Magic: The Gathering,binder,Frenzied Baloth,EOE,Edge of Eternities,183,normal,rare,1,107158,c72d85e9-a0bc-4f73-8d73-c58843577f4e,2.04,false,false,near_mint,en,EUR
Magic: The Gathering,binder,Bygone Colossus,EOE,Edge of Eternities,235,normal,uncommon,1,107016,4bb8f2ef-4398-4a07-9130-5005356a3b4a,0.17,false,false,near_mint,en,EUR
Magic: The Gathering,binder,Voidforged Titan,EOE,Edge of Eternities,125,normal,uncommon,1,107034,6119c016-01b2-44f3-9550-6988324c1d1f,0.04,false,false,near_mint,en,EUR
Magic: The Gathering,binder,Starfield Shepherd,EOE,Edge of Eternities,37,normal,uncommon,1,106954,1226e575-aa78-4c68-be1d-6e5c2dc6315b,0.21,false,false,near_mint,en,EUR
Magic: The Gathering,binder,Galvanizing Sawship,EOE,Edge of Eternities,136,normal,uncommon,1,107273,5bbce9fb-401f-4e78-acd5-9d3b506687fd,0.08,false,false,near_mint,en,EUR
Magic: The Gathering,binder,Temporal Intervention,EOE,Edge of Eternities,120,normal,common,1,107064,79f9525a-4cb7-411e-b7b5-2113e93bcbc3,0.1,false,false,near_mint,en,EUR
Magic: The Gathering,binder,Sami's Curiosity,EOE,Edge of Eternities,203,normal,common,1,107460,703ad0f3-bd05-42b0-85fb-0cd37807dc91,0.07,false,false,near_mint,en,EUR
Magic: The Gathering,binder,Orbital Plunge,EOE,Edge of Eternities,149,normal,common,1,107703,2dc7cc17-5319-4694-99c6-8c56a0b40a44,0.08,false,false,near_mint,en,EUR
Magic: The Gathering,binder,Nutrient Block,EOE,Edge of Eternities,243,normal,common,1,107114,a26064bb-c568-4ed6-86db-3aab69b050db,0.21,false,false,near_mint,en,EUR
Magic: The Gathering,binder,Cryoshatter,EOE,Edge of Eternities,53,normal,common,1,107738,7b62b1e2-9e43-4a66-a647-7e5de2871f2a,0.05,false,false,near_mint,en,EUR
Magic: The Gathering,binder,Depressurize,EOE,Edge of Eternities,95,normal,common,1,107697,25520d5a-1a83-42cc-8ace-8b1156019d64,0.07,false,false,near_mint,en,EUR
Magic: The Gathering,binder,Squire's Lightblade,EOE,Edge of Eternities,36,normal,common,1,107699,2a0accba-85d4-4aa4-a70c-80fcce48c261,0.03,false,false,near_mint,en,EUR
Magic: The Gathering,binder,Human Soldier,TEOE,Edge of Eternities Tokens,2,normal,common,1,107728,631c2c16-132d-4607-ab7e-207a6af188e5,,false,false,near_mint,en,EUR
Magic: The Gathering,binder,Island,EOE,Edge of Eternities,269,normal,common,1,107124,aaa212be-1db5-4493-86c8-c01d29348e31,10.41,false,false,near_mint,en,EUR
Magic: The Gathering,binder,Station Monitor,EOE,Edge of Eternities,230,foil,uncommon,1,107529,ba9f6d16-ee3e-4fbb-b78a-6292188eb61f,0.21,false,false,near_mint,en,EUR
